accuracy,id,lat,lng,speed,time,type
19.435,37015,36.4904835,127.2574258,0.0,1667383699180,START
17.529,37016,36.490456,127.2574028,1.5959389,1667383702150,NORMAL
13.068,37017,36.4904724,127.2573898,3.2274566,1667383704188,NORMAL
12.307,37018,36.4905217,127.2573415,0.6332133,1667383705150,NORMAL
13.572,37019,36.4904874,127.2572932,3.460183,1667383707150,NORMAL
17.551,37020,36.4904334,127.2573709,3.2675033,1667383709150,NORMAL
16.124,37021,36.4903546,127.2573939,4.213364,1667383711150,NORMAL
9.81,37022,36.4903044,127.2574098,4.0997825,1667383713150,NORMAL
5.151,37023,36.4902895,127.2574162,3.9116495,1667383714222,NORMAL
5.175,37024,36.4902267,127.2574389,4.5557423,1667383715150,NORMAL
5.167,37025,36.4901606,127.2574472,4.7189198,1667383717150,NORMAL
4.52,37026,36.4900758,127.2574775,4.7741966,1667383719150,NORMAL
4.868,37027,36.489971,127.2575378,5.100784,1667383721150,NORMAL
6.612,37028,36.4898429,127.2575549,4.4220023,1667383723150,NORMAL
7.721,37029,36.4897768,127.2575172,4.237021,1667383725000,NORMAL
7.985,37030,36.4896883,127.257494,3.938546,1667383727000,NORMAL
7.423,37031,36.4895949,127.2575072,4.0522194,1667383729000,NORMAL
7.539,37032,36.4895435,127.2575058,2.262601,1667383731000,NORMAL
7.353,37033,36.4895302,127.2574851,1.7455072,1667383733000,NORMAL
7.197,37034,36.4895296,127.2574687,0.7261375,1667383735000,NORMAL
6.811,37035,36.489522,127.2574665,0.19547713,1667383737000,NORMAL
6.274,37036,36.4895109,127.2574691,0.14971988,1667383739000,NORMAL
6.133,37037,36.4894992,127.2574651,0.20980604,1667383741000,NORMAL
7.262,37038,36.4894834,127.2574598,0.6237594,1667383744042,NORMAL
7.245,37039,36.4894719,127.2574669,0.774427,1667383745000,NORMAL
6.709,37040,36.4894263,127.2575567,6.080318,1667383747000,NORMAL
8.422,37041,36.4894122,127.2576914,5.741562,1667383749000,NORMAL
8.306,37042,36.4894131,127.2578649,7.107398,1667383751000,NORMAL
9.707,37043,36.4894279,127.2580598,7.763724,1667383753000,NORMAL
5.538,37044,36.4894468,127.2582705,8.537045,1667383755000,NORMAL
5.865,37045,36.4894841,127.2584648,8.085889,1667383757000,NORMAL
5.656,37046,36.4895449,127.2587116,11.080809,1667383759000,NORMAL
5.496,37047,36.4895688,127.2589157,8.6053095,1667383761000,NORMAL
5.668,37048,36.4895966,127.2590931,8.524557,1667383763000,NORMAL
6.388,37049,36.4896086,127.2592433,6.854225,1667383765000,NORMAL
7.269,37050,36.4896268,127.259374,5.2812824,1667383767000,NORMAL
8.205,37051,36.4896141,127.25945,3.4323163,1667383769000,NORMAL
8.321,37052,36.4895739,127.2594648,0.2287565,1667383771000,NORMAL
8.07,37053,36.4895184,127.2594845,3.2825418,1667383773000,NORMAL
7.456,37054,36.4894499,127.2595181,5.0236564,1667383775000,NORMAL
6.548,37055,36.4892254,127.2595721,9.033304,1667383778000,NORMAL
5.804,37056,36.4890043,127.2596472,9.548093,1667383780430,NORMAL
5.413,37057,36.4888926,127.2596845,9.861806,1667383782000,NORMAL
5.338,37058,36.4886882,127.2597609,10.995612,1667383784000,NORMAL
4.936,37059,36.4884994,127.259847,10.395166,1667383786000,NORMAL
4.657,37060,36.4883404,127.259933,9.055621,1667383788000,NORMAL
4.556,37061,36.4882908,127.2599669,3.4047945,1667383790000,NORMAL
4.976,37062,36.4882719,127.2599754,1.8319749,1667383792000,NORMAL
5.649,37063,36.4882613,127.2599716,0.76637065,1667383794000,NORMAL
7.009,37064,36.4882565,127.2599745,0.88257074,1667383796000,OVER_STOP
7.602,37065,36.4882788,127.2599825,0.24720328,1667383798000,NORMAL
8.639,37066,36.4882931,127.2599755,0.16848728,1667383800999,NORMAL
8.467,37067,36.4882966,127.2599666,0.16753711,1667383802000,NORMAL
7.986,37068,36.488306,127.2599561,0.14880115,1667383804000,NORMAL
6.619,37069,36.4883068,127.2599589,0.5442411,1667383806000,NORMAL
6.542,37070,36.4883129,127.2599596,0.2841285,1667383808000,NORMAL
7.535,37071,36.4883187,127.25995,0.059212107,1667383811081,NORMAL
6.803,37072,36.4883175,127.2599454,0.12366321,1667383812000,NORMAL
6.262,37073,36.4883216,127.2599414,0.17916527,1667383814000,NORMAL
6.15,37074,36.4883222,127.2599412,0.18708812,1667383814780,NORMAL
4.496,37075,36.4883232,127.2599373,0.1889753,1667383816000,NORMAL
4.333,37076,36.4882452,127.2599932,5.8106747,1667383818000,NORMAL
3.834,37077,36.4881703,127.26004,7.579829,1667383820000,NORMAL
3.834,37078,36.4880116,127.260158,9.470822,1667383822000,NORMAL
3.834,37079,36.4878482,127.2602896,9.68461,1667383824000,OVER_ACCEL
3.863,37080,36.4876949,127.2604219,9.270958,1667383826000,NORMAL
3.863,37081,36.4875516,127.2605385,8.551413,1667383828000,NORMAL
3.9,37082,36.487433,127.2606385,7.1029487,1667383830000,NORMAL
3.9,37083,36.4873478,127.2607136,4.5549936,1667383832000,NORMAL
3.9,37084,36.4872985,127.2607528,1.8650718,1667383834000,NORMAL
3.9,37085,36.4872783,127.2607727,0.7236962,1667383836000,NORMAL
3.9,37086,36.4872627,127.260783,1.4151701,1667383838000,NORMAL
5.031,37087,36.4872136,127.2608268,4.2224636,1667383841011,NORMAL
6.54,37088,36.4871476,127.2608741,5.997345,1667383842000,NORMAL
8.049,37089,36.4870498,127.2609445,6.288249,1667383844000,NORMAL
9.935,37090,36.4869561,127.2610197,5.9106293,1667383846000,NORMAL
9.935,37091,36.4868676,127.2610917,6.209372,1667383848000,NORMAL
10.071,37092,36.4867715,127.2611589,5.754293,1667383850000,NORMAL
10.201,37093,36.4866992,127.2612155,3.3358014,1667383852000,NORMAL
10.297,37094,36.4866691,127.2612469,1.5769423,1667383854000,NORMAL
10.273,37095,36.4866593,127.2612346,1.3397003,1667383856000,NORMAL
11.207,37096,36.4866587,127.2612205,0.45516488,1667383858918,NORMAL
11.245,37097,36.486642,127.2612436,1.9960784,1667383860000,NORMAL
11.257,37098,36.4865777,127.2612786,5.8600926,1667383862000,NORMAL
10.473,37099,36.4864678,127.2613357,5.7878594,1667383864000,NORMAL
10.385,37100,36.4863562,127.2613867,7.331319,1667383866000,NORMAL
10.028,37101,36.4862175,127.2614551,8.706887,1667383868000,NORMAL
10.012,37102,36.4860569,127.261523,9.126751,1667383870000,NORMAL
10.241,37103,36.4858962,127.2615933,9.695389,1667383872000,NORMAL
10.371,37104,36.4857236,127.2616587,9.68905,1667383874000,NORMAL
10.48,37105,36.4855482,127.2617167,9.769757,1667383876000,NORMAL
10.389,37106,36.4853716,127.2617733,10.302069,1667383878000,NORMAL
10.326,37107,36.4851898,127.2618321,11.107016,1667383880000,NORMAL
10.241,37108,36.4849981,127.2619094,11.298154,1667383882000,NORMAL
10.171,37109,36.4847963,127.2619932,12.77593,1667383884000,NORMAL
10.072,37110,36.4845736,127.2621176,14.109998,1667383886000,NORMAL
10.003,37111,36.4843666,127.2622769,11.034754,1667383888000,NORMAL
9.935,37112,36.4842003,127.2624036,9.391594,1667383890000,NORMAL
9.935,37113,36.4840624,127.2625103,7.380575,1667383892000,NORMAL
9.935,37114,36.48396,127.2625966,6.0112333,1667383894000,NORMAL
9.935,37115,36.4838815,127.2626642,4.7209897,1667383896000,NORMAL
9.935,37116,36.4838241,127.2627123,2.4652512,1667383898000,NORMAL
9.935,37117,36.4838054,127.2627304,0.75637805,1667383900000,NORMAL
9.935,37118,36.4838038,127.2627266,0.7244375,1667383902000,NORMAL
9.935,37119,36.4838067,127.2627154,0.27843863,1667383904000,NORMAL
10.121,37120,36.483809,127.2627092,0.23695338,1667383906000,NORMAL
10.121,37121,36.4838098,127.2627087,0.094852485,1667383908000,NORMAL
13.606,37122,36.4838078,127.2627081,0.096863024,1667383910000,NORMAL
13.606,37123,36.4838057,127.2627058,0.13639662,1667383912000,NORMAL
10.456,37124,36.4838048,127.2627068,0.06197782,1667383914799,NORMAL
10.456,37125,36.4838048,127.2627075,0.03139182,1667383916000,NORMAL
10.456,37126,36.4838059,127.2627078,0.043289237,1667383918000,NORMAL
13.731,37127,36.4838062,127.262708,0.020478979,1667383920000,NORMAL
13.731,37128,36.4838054,127.2627081,0.025784513,1667383922000,NORMAL
13.37,37129,36.4838051,127.2627083,0.018531684,1667383924799,NORMAL
10.432,37130,36.4838051,127.2627084,0.0076584425,1667383926000,NORMAL
10.432,37131,36.4838051,127.2627083,0.0011015433,1667383928000,NORMAL
15.013,37132,36.4838051,127.2627083,0.0011964756,1667383929802,NORMAL
13.743,37133,36.483805,127.2627082,0.0056346664,1667383930000,NORMAL
13.743,37134,36.483805,127.2627082,0.0028396617,1667383932000,NORMAL
13.743,37135,36.4838051,127.2627081,0.004554854,1667383934000,NORMAL
10.613,37136,36.4838051,127.2627081,0.0046780915,1667383934844,NORMAL
10.613,37137,36.4838051,127.2627081,0.001906444,1667383936000,NORMAL
10.613,37138,36.4838051,127.2627081,3.825902E-4,1667383938000,NORMAL
14.071,37139,36.483805,127.2627081,0.004084854,1667383940000,NORMAL
14.071,37140,36.4838049,127.2627081,0.005501105,1667383942000,NORMAL
13.89,37141,36.4838049,127.2627082,0.0034510437,1667383944883,NORMAL
10.743,37142,36.4838048,127.2627083,0.0060086492,1667383946000,NORMAL
10.743,37143,36.4838048,127.2627083,0.0025396305,1667383948000,NORMAL
14.008,37144,36.4838047,127.2627083,0.0042551993,1667383950000,NORMAL
14.008,37145,36.4838047,127.2627083,0.002075376,1667383952000,NORMAL
11.069,37146,36.4838046,127.2627083,0.003867052,1667383954989,NORMAL
11.069,37147,36.4838045,127.2627083,0.005354564,1667383956000,NORMAL
11.069,37148,36.4838044,127.2627083,0.0056566778,1667383958000,NORMAL
15.343,37149,36.4838044,127.2627083,0.004405551,1667383959960,NORMAL
14.209,37150,36.4838044,127.2627084,0.0036236283,1667383960000,NORMAL
14.209,37151,36.4838044,127.2627084,0.0017355505,1667383962000,NORMAL
14.209,37152,36.4838044,127.2627085,0.0032709304,1667383964000,NORMAL
11.066,37153,36.4838044,127.2627085,0.003140496,1667383964991,NORMAL
11.066,37154,36.4837536,127.2627524,5.253848,1667383966000,NORMAL
11.066,37155,36.4836616,127.2628329,8.235793,1667383968000,NORMAL
9.935,37156,36.4835261,127.2629524,10.390215,1667383970000,NORMAL
10.0,37157,36.48335,127.2631145,13.369802,1667383972000,OVER_ACCEL
10.022,37158,36.4831362,127.2632899,13.569343,1667383974000,NORMAL
10.066,37159,36.4829276,127.2634667,13.503796,1667383976000,NORMAL
10.001,37160,36.4827172,127.2636432,13.878677,1667383978000,NORMAL
9.979,37161,36.4824911,127.2637914,14.239301,1667383980000,NORMAL
9.935,37162,36.4822582,127.263929,14.909327,1667383982000,NORMAL
9.935,37163,36.4820177,127.2640629,14.140484,1667383984000,NORMAL
9.935,37164,36.481779,127.2641727,14.754172,1667383986000,NORMAL
9.935,37165,36.4815167,127.2642412,15.487167,1667383988000,NORMAL
9.935,37166,36.4812319,127.2642677,16.027792,1667383990000,NORMAL
9.935,37167,36.480945,127.2642961,15.63215,1667383992000,NORMAL
9.935,37168,36.4806706,127.2643252,14.732526,1667383994000,NORMAL
9.935,37169,36.4804144,127.2643634,12.958509,1667383996000,NORMAL
9.935,37170,36.4801963,127.2643966,11.508611,1667383998000,NORMAL
9.935,37171,36.4800078,127.2644152,8.798604,1667384000000,NORMAL
9.935,37172,36.4798687,127.2643847,6.676222,1667384002000,NORMAL
9.935,37173,36.4797693,127.2643724,6.263963,1667384004000,NORMAL
9.935,37174,36.4797146,127.2644968,7.60099,1667384006000,NORMAL
9.935,37175,36.4797747,127.2646758,9.085893,1667384008000,NORMAL
9.935,37176,36.4798621,127.2648661,10.086057,1667384010000,NORMAL
9.935,37177,36.4799183,127.2650957,11.323487,1667384012000,NORMAL
9.935,37178,36.4799762,127.2653524,12.477696,1667384014000,NORMAL
9.935,37179,36.4800305,127.2656405,13.830922,1667384016000,NORMAL
9.935,37180,36.4800875,127.2659528,14.552552,1667384018000,NORMAL
9.935,37181,36.4801616,127.2662559,13.553827,1667384020000,NORMAL
9.966,37182,36.4802361,127.2665809,15.913701,1667384022000,NORMAL
9.966,37183,36.4803163,127.2669356,16.467209,1667384024000,NORMAL
9.966,37184,36.4803977,127.2672993,16.141327,1667384026000,NORMAL
9.935,37185,36.4804712,127.2676573,16.352892,1667384028000,NORMAL
9.935,37186,36.4805428,127.2680134,15.973212,1667384030000,NORMAL
9.935,37187,36.4806118,127.2683579,15.931199,1667384032000,NORMAL
9.935,37188,36.4806834,127.2686846,13.375908,1667384034000,NORMAL
9.935,37189,36.4807332,127.2689164,6.2623754,1667384036000,NORMAL
9.935,37190,36.4807488,127.2690109,2.2504232,1667384038000,NORMAL
9.935,37191,36.4807469,127.2690359,1.6220219,1667384040000,NORMAL
9.935,37192,36.4807548,127.2690626,0.87718403,1667384042000,OVER_STOP
9.935,37193,36.4807549,127.2690691,0.33554718,1667384044000,NORMAL
9.935,37194,36.4807516,127.2690731,0.52598625,1667384046000,NORMAL
9.935,37195,36.4807522,127.2690844,0.7437633,1667384048000,NORMAL
10.136,37196,36.4807529,127.2690956,0.573711,1667384050000,NORMAL
10.136,37197,36.4807547,127.2691056,0.48216537,1667384052000,NORMAL
9.935,37198,36.4807567,127.2691094,0.45828718,1667384054000,NORMAL
9.935,37199,36.4807613,127.269102,0.15669906,1667384056000,NORMAL
9.935,37200,36.4807654,127.2690987,0.24585958,1667384058000,NORMAL
10.364,37201,36.4807676,127.2690994,0.13687652,1667384060000,NORMAL
10.364,37202,36.4807695,127.2690987,0.12108182,1667384062000,NORMAL
9.935,37203,36.4807717,127.2690987,0.12062932,1667384064000,NORMAL
9.935,37204,36.4807722,127.2690987,0.037566178,1667384066000,NORMAL
9.935,37205,36.4807721,127.2690988,0.003519077,1667384068000,NORMAL
10.443,37206,36.4807719,127.2690988,0.0060743685,1667384070000,NORMAL
10.443,37207,36.480772,127.2690988,7.2745845E-4,1667384072000,NORMAL
9.935,37208,36.480772,127.2690988,9.865854E-4,1667384074000,NORMAL
9.935,37209,36.4807718,127.2690988,0.0059797075,1667384076000,NORMAL
9.935,37210,36.4807736,127.2691242,2.2291746,1667384078000,NORMAL
10.521,37211,36.4807738,127.2691274,2.2290804,1667384078871,NORMAL
10.667,37212,36.4807732,127.2691654,1.1789626,1667384080000,NORMAL
10.667,37213,36.4807664,127.2691856,0.52417356,1667384082000,NORMAL
9.935,37214,36.4807637,127.2691895,0.49762568,1667384084000,NORMAL
9.935,37215,36.4807612,127.2691883,0.3203956,1667384086000,NORMAL
9.935,37216,36.4807611,127.2691825,0.104281165,1667384088000,NORMAL
10.806,37217,36.4807618,127.2691751,0.06619528,1667384090000,NORMAL
10.806,37218,36.4807629,127.2691724,0.11109592,1667384092000,NORMAL
9.935,37219,36.4807634,127.2691726,0.039808065,1667384094000,NORMAL
9.935,37220,36.4807635,127.269173,0.008863103,1667384096000,NORMAL
9.935,37221,36.4807636,127.2691729,0.0077422587,1667384098000,NORMAL
11.081,37222,36.4807634,127.2691728,0.0070248134,1667384100000,NORMAL
11.081,37223,36.4807633,127.2691729,0.006948374,1667384102000,NORMAL
9.935,37224,36.4806861,127.2692296,5.740075,1667384104000,NORMAL
9.935,37225,36.4805757,127.269298,8.730976,1667384106000,NORMAL
9.935,37226,36.4804355,127.2693863,10.420572,1667384108000,NORMAL
9.935,37227,36.4802588,127.2694868,12.523581,1667384110000,OVER_ACCEL
9.935,37228,36.4800479,127.2696071,14.185565,1667384112000,NORMAL
9.935,37229,36.4798061,127.269743,15.464174,1667384114000,NORMAL
9.935,37230,36.4795459,127.2698958,16.080427,1667384116000,NORMAL
9.935,37231,36.4792725,127.2700553,16.871721,1667384118000,NORMAL
9.935,37232,36.4789903,127.2702207,17.345427,1667384120000,NORMAL
9.935,37233,36.4787013,127.2703909,17.576479,1667384122000,NORMAL
9.935,37234,36.4784086,127.270564,17.699837,1667384124000,NORMAL
9.935,37235,36.4781158,127.2707386,17.898268,1667384126000,NORMAL
9.935,37236,36.4778166,127.2709143,18.106817,1667384128000,NORMAL
9.935,37237,36.4775187,127.271088,18.267532,1667384130000,NORMAL
9.935,37238,36.4772165,127.2712639,17.916782,1667384132000,NORMAL
9.935,37239,36.4769246,127.2714388,17.555227,1667384134000,NORMAL
9.935,37240,36.4766415,127.2716044,16.61449,1667384136000,NORMAL
9.935,37241,36.4763778,127.2717559,15.543658,1667384138000,NORMAL
9.935,37242,36.4761337,127.2719046,14.911315,1667384140000,NORMAL
9.935,37243,36.4758993,127.2720499,14.450237,1667384142000,NORMAL
9.935,37244,36.475668,127.2721957,14.829828,1667384144000,NORMAL
9.935,37245,36.4754351,127.2723522,15.099745,1667384146000,NORMAL
9.935,37246,36.4751902,127.2725017,15.31985,1667384148000,NORMAL
9.935,37247,36.4749383,127.2726529,16.139854,1667384150000,NORMAL
9.935,37248,36.4746864,127.2728048,14.801108,1667384152000,NORMAL
9.935,37249,36.474457,127.2729403,13.510916,1667384154000,NORMAL
9.935,37250,36.4742392,127.2730794,14.745413,1667384156000,NORMAL
9.935,37251,36.4740102,127.2732248,13.525087,1667384158000,NORMAL
9.935,37252,36.4738004,127.2733474,12.331498,1667384160000,NORMAL
9.935,37253,36.4736134,127.2734508,10.391054,1667384162000,NORMAL
9.935,37254,36.4734474,127.2735491,10.929629,1667384164000,NORMAL
9.935,37255,36.4732607,127.2736588,12.209156,1667384166000,NORMAL
9.935,37256,36.4730536,127.2737874,13.778879,1667384168000,NORMAL
9.935,37257,36.4728251,127.273925,14.519408,1667384170000,NORMAL
9.935,37258,36.4725973,127.2740543,12.591362,1667384172000,NORMAL
9.935,37259,36.472398,127.2741503,11.540743,1667384174000,NORMAL
9.935,37260,36.4722187,127.2742395,10.350831,1667384176000,NORMAL
9.935,37261,36.4720562,127.2743097,8.071731,1667384178000,NORMAL
9.935,37262,36.4719304,127.274363,7.365441,1667384180000,NORMAL
9.935,37263,36.4718094,127.2744036,7.649253,1667384182000,NORMAL
9.935,37264,36.4716846,127.2744463,6.8733516,1667384184000,NORMAL
9.935,37265,36.4715557,127.2744975,8.488737,1667384186000,NORMAL
9.935,37266,36.4713987,127.2745468,9.281819,1667384188000,NORMAL
9.935,37267,36.4712314,127.2745904,8.781043,1667384190000,NORMAL
9.935,37268,36.4710713,127.274623,9.369303,1667384192000,NORMAL
9.935,37269,36.4708949,127.2746497,10.840237,1667384194000,NORMAL
9.935,37270,36.4706813,127.2746715,13.148454,1667384196000,NORMAL
9.935,37271,36.4704377,127.2746926,13.239908,1667384198000,NORMAL
9.935,37272,36.4701932,127.2747169,13.939354,1667384200000,NORMAL
9.935,37273,36.4699374,127.2747361,14.409384,1667384202000,NORMAL
9.935,37274,36.4696804,127.2747423,13.251344,1667384204000,NORMAL
9.935,37275,36.4694501,127.2747578,12.511078,1667384206000,NORMAL
9.935,37276,36.4692305,127.2747775,12.964498,1667384208000,NORMAL
9.935,37277,36.4689969,127.2747906,13.071396,1667384210000,NORMAL
9.935,37278,36.4687639,127.2748082,12.826882,1667384212000,NORMAL
9.935,37279,36.4685378,127.2748302,12.469596,1667384214000,NORMAL
9.935,37280,36.4683148,127.2748494,12.147366,1667384216000,NORMAL
9.935,37281,36.4680974,127.2748713,12.472491,1667384218000,NORMAL
9.935,37282,36.4678631,127.2748927,14.87489,1667384220000,NORMAL
9.935,37283,36.4675829,127.2749186,16.991795,1667384222000,NORMAL
9.935,37284,36.4672682,127.274945,18.303589,1667384224000,NORMAL
9.935,37285,36.4669293,127.2749791,19.450739,1667384226000,NORMAL
9.935,37286,36.46657,127.2750134,20.158594,1667384228000,NORMAL
9.935,37287,36.4662018,127.2750498,20.21935,1667384230000,NORMAL
9.935,37288,36.4658327,127.2750957,20.230347,1667384232000,NORMAL
9.935,37289,36.4654675,127.2751479,19.96498,1667384234000,NORMAL
9.935,37290,36.4651059,127.2752032,19.895008,1667384236000,NORMAL
9.935,37291,36.4647495,127.2752844,19.840261,1667384238000,NORMAL
9.935,37292,36.4644073,127.2753903,19.550467,1667384240000,NORMAL
9.935,37293,36.4640793,127.2755206,19.610563,1667384242000,NORMAL
9.935,37294,36.4637529,127.2756708,19.440535,1667384244000,NORMAL
9.935,37295,36.463433,127.2758454,19.540169,1667384246000,NORMAL
9.935,37296,36.4631203,127.2760389,19.641912,1667384248000,NORMAL
9.935,37297,36.4628149,127.2762583,19.51033,1667384250000,NORMAL
9.935,37298,36.4625243,127.276501,19.360191,1667384252000,NORMAL
9.935,37299,36.4622429,127.2767542,19.100216,1667384254000,NORMAL
9.935,37300,36.4619721,127.2770203,19.010107,1667384256000,NORMAL
9.935,37301,36.4617049,127.2772891,18.97002,1667384258000,NORMAL
9.935,37302,36.4614385,127.2775608,19.45956,1667384260000,NORMAL
9.935,37303,36.4611624,127.2778397,19.989563,1667384262000,NORMAL
9.935,37304,36.460881,127.2781294,20.41976,1667384264000,NORMAL
9.935,37305,36.4605974,127.2784271,20.50992,1667384266000,NORMAL
9.935,37306,36.4603116,127.278725,20.659904,1667384268000,NORMAL
9.935,37307,36.4600295,127.279019,20.100458,1667384270000,NORMAL
9.935,37308,36.4597584,127.2793029,19.370436,1667384272000,NORMAL
9.935,37309,36.4594964,127.2795746,18.690393,1667384274000,NORMAL
9.935,37310,36.4592394,127.2798456,19.58931,1667384276000,NORMAL
9.935,37311,36.4589656,127.2801257,20.119686,1667384278000,NORMAL
9.935,37312,36.4586848,127.2804141,20.599485,1667384280000,NORMAL
9.935,37313,36.4583989,127.2807099,20.590006,1667384282000,NORMAL
9.935,37314,36.4581135,127.2810043,20.869862,1667384284000,NORMAL
9.935,37315,36.4578297,127.281297,19.770601,1667384286000,NORMAL
9.935,37316,36.4575533,127.2815718,19.939642,1667384288000,NORMAL
9.935,37317,36.4572577,127.2818321,20.67885,1667384290000,NORMAL
9.935,37318,36.4569411,127.2820921,21.490238,1667384292000,NORMAL
9.935,37319,36.4566155,127.2823567,21.600006,1667384294000,NORMAL
9.935,37320,36.4562953,127.2826245,21.719584,1667384296000,NORMAL
9.935,37321,36.4559612,127.2828799,21.829897,1667384298000,NORMAL
9.935,37322,36.4556183,127.2831303,22.019793,1667384300000,NORMAL
9.935,37323,36.4552727,127.2833719,22.02994,1667384302000,NORMAL
9.935,37324,36.4549206,127.2836033,21.919975,1667384304000,NORMAL
9.935,37325,36.4545645,127.2838219,21.800014,1667384306000,NORMAL
9.935,37326,36.4542092,127.2840268,21.562004,1667384308000,NORMAL
9.935,37327,36.4538537,127.2842209,21.597387,1667384310000,NORMAL
9.935,37328,36.4534944,127.2844042,21.510052,1667384312000,NORMAL
9.935,37329,36.4531378,127.2845763,20.59897,1667384314000,NORMAL
9.935,37330,36.4527906,127.2847314,20.489496,1667384316000,NORMAL
9.935,37331,36.4524389,127.2848712,20.390326,1667384318000,NORMAL
9.935,37332,36.4520926,127.2850006,19.855114,1667384320000,NORMAL
9.935,37333,36.4517533,127.2851206,19.059172,1667384322000,NORMAL
9.935,37334,36.4514259,127.2852297,18.33916,1667384324000,NORMAL
9.935,37335,36.4511036,127.2853225,18.487211,1667384326000,NORMAL
9.935,37336,36.4507776,127.2854067,18.794596,1667384328000,NORMAL
9.935,37337,36.4504439,127.2854872,18.778965,1667384330000,NORMAL
9.935,37338,36.4501085,127.285553,18.50403,1667384332000,NORMAL
9.935,37339,36.4497746,127.2856167,18.292463,1667384334000,NORMAL
9.935,37340,36.4494435,127.2856651,18.741894,1667384336000,NORMAL
9.935,37341,36.4491052,127.2857066,19.283155,1667384338000,NORMAL
9.935,37342,36.4487535,127.2857408,19.51634,1667384340000,NORMAL
9.935,37343,36.448396,127.2857656,19.67504,1667384342000,NORMAL
9.935,37344,36.4480382,127.2857804,20.197344,1667384344000,NORMAL
9.935,37345,36.4476696,127.2857844,20.395784,1667384346000,NORMAL
9.935,37346,36.4472974,127.2857821,20.615438,1667384348000,NORMAL
9.935,37347,36.4469163,127.2857806,20.953056,1667384350000,NORMAL
9.935,37348,36.4465357,127.2857808,20.950066,1667384352000,NORMAL
9.935,37349,36.4461578,127.2857837,20.920578,1667384354000,NORMAL
9.935,37350,36.445782,127.2857865,20.547037,1667384356000,NORMAL
9.935,37351,36.4454114,127.2857892,20.136911,1667384358000,NORMAL
9.935,37352,36.4450531,127.285802,20.267685,1667384360000,NORMAL
9.935,37353,36.4446912,127.2858319,20.152618,1667384362000,NORMAL
9.935,37354,36.4443305,127.2858463,20.100662,1667384364000,NORMAL
9.935,37355,36.4439653,127.2858521,20.207983,1667384366000,NORMAL
9.935,37356,36.4435992,127.2858575,20.42221,1667384368000,NORMAL
9.935,37357,36.4432292,127.2858622,20.61708,1667384370000,NORMAL
9.935,37358,36.4428542,127.2858668,20.90401,1667384372000,NORMAL
9.935,37359,36.4424781,127.2858691,21.027422,1667384374000,NORMAL
9.935,37360,36.4420965,127.2858715,21.088732,1667384376000,NORMAL
9.935,37361,36.4417191,127.2858757,21.050785,1667384378000,NORMAL
9.935,37362,36.441339,127.2858809,21.167215,1667384380000,NORMAL
9.935,37363,36.4409525,127.285886,21.13052,1667384382000,NORMAL
9.935,37364,36.4405732,127.2858894,21.080643,1667384384000,NORMAL
9.935,37365,36.4401949,127.2858923,21.089832,1667384386000,NORMAL
9.935,37366,36.4398158,127.285897,20.972443,1667384388000,NORMAL
9.935,37367,36.4394413,127.2859027,21.009243,1667384390000,NORMAL
9.935,37368,36.4390642,127.2859089,21.157324,1667384392000,NORMAL
9.935,37369,36.4386863,127.2859169,21.313776,1667384394000,NORMAL
9.935,37370,36.4383024,127.2859239,21.349302,1667384396000,NORMAL
9.935,37371,36.4379163,127.2859303,21.49734,1667384398000,NORMAL
9.935,37372,36.4375262,127.2859368,21.646893,1667384400000,NORMAL
9.935,37373,36.4371337,127.2859415,21.630322,1667384402000,NORMAL
9.935,37374,36.4367476,127.2859476,21.56118,1667384404000,NORMAL
9.935,37375,36.4363595,127.2859532,21.353155,1667384406000,NORMAL
9.935,37376,36.4359728,127.2859561,21.549875,1667384408000,NORMAL
9.935,37377,36.4355823,127.2859567,21.589972,1667384410000,NORMAL
9.935,37378,36.4351895,127.2859599,22.24491,1667384412000,NORMAL
9.935,37379,36.4347912,127.2859653,21.412968,1667384414000,NORMAL
9.935,37380,36.4344043,127.2859888,21.350092,1667384416000,NORMAL
9.935,37381,36.4340253,127.2860116,20.93468,1667384418000,NORMAL
9.935,37382,36.4336413,127.2860465,21.87398,1667384420000,NORMAL
9.935,37383,36.4332623,127.2861141,21.387646,1667384422000,NORMAL
9.935,37384,36.4328881,127.2861838,21.169954,1667384424000,NORMAL
9.935,37385,36.4325185,127.2862612,21.046173,1667384426000,NORMAL
10.003,37386,36.4321555,127.286369,20.714722,1667384428000,NORMAL
10.099,37387,36.4317958,127.2865101,21.05542,1667384430000,NORMAL
10.099,37388,36.4314407,127.2866845,20.131298,1667384432000,NORMAL
10.031,37389,36.4311055,127.2868548,20.598022,1667384434000,NORMAL
9.935,37390,36.4307633,127.2870394,20.602156,1667384436000,NORMAL
9.935,37391,36.4304319,127.2872382,20.700363,1667384438000,NORMAL
9.935,37392,36.4301039,127.2874593,20.714457,1667384440000,NORMAL
9.935,37393,36.4297803,127.287704,20.710138,1667384442000,NORMAL
9.935,37394,36.429459,127.2879625,20.959927,1667384444000,NORMAL
9.935,37395,36.429148,127.2882375,20.93007,1667384446000,NORMAL
9.935,37396,36.428845,127.2885248,21.069927,1667384448000,NORMAL
9.935,37397,36.4285512,127.2888281,21.249866,1667384450000,NORMAL
9.935,37398,36.4282705,127.2891557,21.379835,1667384452000,NORMAL
9.935,37399,36.4279956,127.2894896,21.240116,1667384454000,NORMAL
9.935,37400,36.4277243,127.2898239,21.309813,1667384456000,NORMAL
9.935,37401,36.4274585,127.2901695,21.469564,1667384458000,NORMAL
9.935,37402,36.4271954,127.290524,21.669836,1667384460000,NORMAL
9.935,37403,36.4269271,127.2908815,21.75951,1667384462000,NORMAL
9.935,37404,36.4266602,127.2912423,22.018858,1667384464000,NORMAL
9.935,37405,36.4263938,127.2916079,22.099953,1667384466000,NORMAL
9.935,37406,36.426122,127.291969,22.159975,1667384468000,NORMAL
9.935,37407,36.4258484,127.2923274,22.159838,1667384470000,NORMAL
9.935,37408,36.4255812,127.2926935,22.339678,1667384472000,NORMAL
9.935,37409,36.4253107,127.293058,22.541391,1667384474000,NORMAL
9.935,37410,36.4250317,127.2934266,22.785719,1667384476000,NORMAL
9.935,37411,36.4247528,127.2938048,22.86872,1667384478000,NORMAL
9.935,37412,36.4244748,127.2941791,23.143898,1667384480000,NORMAL
9.935,37413,36.4241886,127.2945549,22.94475,1667384482000,NORMAL
9.935,37414,36.423908,127.2949282,22.904888,1667384484000,NORMAL
9.935,37415,36.4236259,127.2953034,23.05557,1667384486000,NORMAL
9.935,37416,36.423343,127.2956823,22.9344,1667384488000,NORMAL
9.935,37417,36.4230625,127.2960566,22.949135,1667384490000,NORMAL
9.935,37418,36.4227741,127.2964197,22.823269,1667384492000,NORMAL
9.935,37419,36.4224765,127.2967737,22.786709,1667384494000,NORMAL
9.935,37420,36.4221615,127.2971101,23.019867,1667384496000,NORMAL
9.935,37421,36.4218338,127.297423,23.240736,1667384498000,NORMAL
9.935,37422,36.4214933,127.2977227,23.008062,1667384500000,NORMAL
9.935,37423,36.4211421,127.297984,23.2772,1667384502000,NORMAL
9.935,37424,36.4207663,127.2982311,23.753098,1667384504000,NORMAL
9.935,37425,36.4203807,127.2984495,23.674126,1667384506000,NORMAL
9.935,37426,36.419969,127.2986307,24.369076,1667384508000,NORMAL
9.935,37427,36.4195442,127.2987914,24.918001,1667384510000,NORMAL
9.935,37428,36.4191032,127.2989198,25.349249,1667384512000,NORMAL
9.935,37429,36.4186505,127.2990078,24.83014,1667384514000,NORMAL
7.923,37430,36.4182098,127.2990632,24.29031,1667384516000,NORMAL
5.911,37431,36.4177765,127.2991256,23.82029,1667384518000,NORMAL
3.9,37432,36.4173516,127.2991919,23.25041,1667384520000,NORMAL
3.9,37433,36.4169319,127.2992498,23.000153,1667384522000,NORMAL
3.9,37434,36.4165147,127.2993134,23.229832,1667384524000,NORMAL
3.863,37435,36.4161013,127.2993858,23.25001,1667384526000,NORMAL
3.863,37436,36.4156912,127.2994687,23.220078,1667384528000,NORMAL
3.863,37437,36.4152844,127.2995582,22.731028,1667384530000,NORMAL
3.863,37438,36.4148801,127.2996527,22.35021,1667384532000,NORMAL
3.863,37439,36.4144894,127.299749,22.030218,1667384534000,NORMAL
3.863,37440,36.4141092,127.2998548,21.490467,1667384536000,NORMAL
3.9,37441,36.4137427,127.2999665,21.110302,1667384538000,NORMAL
3.9,37442,36.4133797,127.3000833,20.900206,1667384540000,NORMAL
3.863,37443,36.4130161,127.3002054,20.740131,1667384542000,NORMAL
3.826,37444,36.4126499,127.3003353,21.049786,1667384544000,NORMAL
3.826,37445,36.4122793,127.3004757,21.309916,1667384546000,NORMAL
3.863,37446,36.4119146,127.3006181,21.379976,1667384548000,NORMAL
3.863,37447,36.4115453,127.300763,21.440008,1667384550000,NORMAL
3.863,37448,36.411185,127.3009196,21.360058,1667384552000,NORMAL
3.863,37449,36.4108281,127.3010805,21.28005,1667384554000,NORMAL
3.9,37450,36.4104747,127.3012472,21.220049,1667384556000,NORMAL
3.9,37451,36.4101214,127.3014197,20.931664,1667384558000,NORMAL
3.9,37452,36.4097758,127.3016004,20.750538,1667384560000,NORMAL
3.9,37453,36.4094274,127.3017827,20.57125,1667384562000,NORMAL
3.9,37454,36.409086,127.3019664,20.590036,1667384564000,NORMAL
3.863,37455,36.4087482,127.302156,20.620022,1667384566000,NORMAL
3.863,37456,36.4084158,127.3023579,20.789938,1667384568000,NORMAL
3.863,37457,36.4080815,127.3025615,20.999947,1667384570000,NORMAL
3.863,37458,36.407745,127.3027788,21.239603,1667384572000,NORMAL
3.826,37459,36.4074123,127.3030042,21.389912,1667384574000,NORMAL
3.826,37460,36.4070711,127.3032363,21.619925,1667384576000,NORMAL
3.863,37461,36.4067266,127.3034766,21.939901,1667384578000,NORMAL
3.9,37462,36.4063803,127.3037265,22.33988,1667384580000,NORMAL
3.9,37463,36.406033,127.3039894,22.739815,1667384582000,NORMAL
3.9,37464,36.4056833,127.3042607,23.07984,1667384584000,NORMAL
3.9,37465,36.4053253,127.3045421,23.529806,1667384586000,NORMAL
5.911,37466,36.4049703,127.3048353,23.839752,1667384588000,NORMAL
7.923,37467,36.4046153,127.3051441,24.16985,1667384590000,NORMAL
9.935,37468,36.4042582,127.3054638,24.19002,1667384592000,NORMAL
9.935,37469,36.4039061,127.3057821,24.769691,1667384594000,NORMAL
9.935,37470,36.403541,127.3061081,24.965754,1667384596000,NORMAL
9.935,37471,36.4031754,127.3064409,24.900057,1667384598000,NORMAL
9.935,37472,36.4028103,127.3067667,24.69011,1667384600000,NORMAL
9.935,37473,36.4024547,127.307086,23.60053,1667384602000,NORMAL
9.935,37474,36.4021208,127.3073874,22.64543,1667384604000,NORMAL
9.935,37475,36.4018043,127.3076851,21.505863,1667384606000,NORMAL
9.935,37476,36.4014914,127.3079661,21.769842,1667384608000,NORMAL
9.935,37477,36.4011705,127.3082435,22.00991,1667384610000,NORMAL
9.935,37478,36.4008463,127.3085322,22.139935,1667384612000,NORMAL
9.935,37479,36.4005205,127.3088266,23.21908,1667384614000,NORMAL
9.935,37480,36.400173,127.3091387,24.719055,1667384616000,NORMAL
9.935,37481,36.3997879,127.3094405,25.92771,1667384618000,NORMAL
9.935,37482,36.399365,127.3097031,26.262466,1667384620000,NORMAL
9.935,37483,36.3989494,127.3099385,24.774832,1667384622000,NORMAL
9.935,37484,36.3985553,127.3101644,24.080553,1667384624000,NORMAL
9.935,37485,36.3981781,127.3103826,22.143167,1667384626000,NORMAL
9.935,37486,36.3978193,127.3105902,21.870213,1667384628000,NORMAL
9.935,37487,36.3974737,127.3107857,18.873032,1667384630000,NORMAL
9.935,37488,36.3971876,127.3109468,15.633316,1667384632000,NORMAL
9.935,37489,36.3969598,127.3110871,13.072132,1667384634000,NORMAL
9.935,37490,36.3967736,127.3112006,9.82435,1667384636000,NORMAL
9.935,37491,36.3966333,127.3112778,7.1924834,1667384638000,NORMAL
9.935,37492,36.3965309,127.3113325,5.432405,1667384640000,NORMAL
9.935,37493,36.3964619,127.3113801,4.006725,1667384642000,NORMAL
9.935,37494,36.3964275,127.3114072,0.7450555,1667384644000,NORMAL
9.935,37495,36.3964309,127.3113928,0.36400324,1667384646000,NORMAL
9.935,37496,36.3964255,127.3113864,0.21964523,1667384648000,NORMAL
10.128,37497,36.3964141,127.3113929,0.36806285,1667384650000,NORMAL
10.287,37498,36.3964124,127.3113951,0.33706155,1667384652000,NORMAL
14.242,37499,36.3964152,127.3113867,0.31004223,1667384654000,NORMAL
14.227,37500,36.3964171,127.3113761,0.42851034,1667384656000,NORMAL
14.272,37501,36.3964144,127.3113713,0.2847727,1667384658000,NORMAL
10.828,37502,36.3964103,127.3113705,0.21152845,1667384660000,NORMAL
10.758,37503,36.3964077,127.3113659,0.2335494,1667384662000,NORMAL
14.119,37504,36.3964062,127.3113634,0.16437177,1667384664000,NORMAL
14.183,37505,36.3964053,127.3113634,0.08191042,1667384666000,NORMAL
11.478,37506,36.3964056,127.3113632,0.017345509,1667384668810,NORMAL
11.648,37507,36.3964056,127.3113632,0.0041297,1667384670000,NORMAL
12.143,37508,36.3964057,127.3113629,0.010823207,1667384672000,NORMAL
16.296,37509,36.3964057,127.3113628,0.00946243,1667384673775,NORMAL
16.22,37510,36.3964055,127.311363,0.005399882,1667384674000,NORMAL
16.39,37511,36.3964054,127.3113631,0.007299989,1667384676000,NORMAL
16.101,37512,36.3964051,127.311363,0.012942854,1667384678000,NORMAL
12.641,37513,36.3964051,127.311363,0.013071028,1667384678810,NORMAL
12.309,37514,36.3964052,127.3113631,0.0028576544,1667384680000,NORMAL
12.044,37515,36.3964052,127.311363,0.0016227043,1667384682000,NORMAL
15.097,37516,36.3964053,127.3113647,0.06200715,1667384684000,NORMAL
14.768,37517,36.396405,127.3113661,0.06331893,1667384686000,NORMAL
11.164,37518,36.3964048,127.3113671,0.046168193,1667384688901,NORMAL
11.149,37519,36.3964044,127.3113679,0.046238128,1667384690000,NORMAL
11.161,37520,36.3964042,127.3113683,0.028519731,1667384692000,NORMAL
14.439,37521,36.396404,127.3113684,0.016257985,1667384694000,NORMAL
14.46,37522,36.3964039,127.3113685,0.0103311045,1667384696000,NORMAL
11.475,37523,36.396404,127.3113685,0.0020200273,1667384698935,NORMAL
11.519,37524,36.3964039,127.3113686,0.0039252937,1667384700000,NORMAL
11.537,37525,36.3964038,127.3113686,0.005072676,1667384702000,NORMAL
16.217,37526,36.3964038,127.3113686,0.004088291,1667384703937,NORMAL
14.78,37527,36.3964036,127.3113689,0.013609572,1667384704000,NORMAL
14.678,37528,36.3964032,127.3113694,0.025678182,1667384706000,NORMAL
14.544,37529,36.3964029,127.3113703,0.040763374,1667384708000,NORMAL
11.381,37530,36.3964029,127.3113704,0.038702067,1667384709005,NORMAL
12.444,37531,36.3963675,127.3113807,4.9674997,1667384710000,NORMAL
11.813,37532,36.3963194,127.3114057,5.122079,1667384712000,NORMAL
12.756,37533,36.3961861,127.311496,8.71806,1667384714000,NORMAL
12.458,37534,36.3960191,127.3116085,10.292652,1667384716000,OVER_ACCEL
14.234,37535,36.3958514,127.3117301,9.465842,1667384718000,NORMAL
9.935,37536,36.3957137,127.3118417,6.0891404,1667384720000,NORMAL
9.935,37537,36.3956292,127.3119101,5.851395,1667384722000,NORMAL
9.935,37538,36.3955239,127.3119858,8.633583,1667384724000,NORMAL
9.935,37539,36.3953757,127.3120943,10.615041,1667384726000,NORMAL
9.935,37540,36.3951976,127.3122223,11.833359,1667384728000,NORMAL
9.935,37541,36.3950089,127.3123658,12.458281,1667384730000,NORMAL
9.935,37542,36.3948093,127.3125183,13.42624,1667384732000,NORMAL
9.935,37543,36.394596,127.3126707,13.469921,1667384734000,NORMAL
9.935,37544,36.3943813,127.312828,14.344843,1667384736000,NORMAL
9.935,37545,36.3941568,127.3129961,14.986959,1667384738000,NORMAL
9.935,37546,36.3939215,127.3131705,15.128592,1667384740000,NORMAL
9.935,37547,36.3936826,127.3133426,15.437443,1667384742000,NORMAL
9.935,37548,36.3934365,127.3135206,15.380478,1667384744000,NORMAL
9.935,37549,36.3931994,127.3137017,15.7881975,1667384746000,NORMAL
9.935,37550,36.3929497,127.3138836,16.866621,1667384748000,NORMAL
9.935,37551,36.3926838,127.314069,17.747782,1667384750000,NORMAL
9.935,37552,36.3924048,127.3142718,18.343933,1667384752000,NORMAL
9.935,37553,36.3921115,127.3144801,19.289501,1667384754000,NORMAL
9.935,37554,36.3917948,127.3146886,20.147644,1667384756000,NORMAL
9.935,37555,36.3914719,127.3149152,21.027142,1667384758000,NORMAL
10.325,37556,36.3911393,127.3151481,20.065556,1667384760000,NORMAL
10.664,37557,36.3908205,127.3153817,19.617525,1667384762000,NORMAL
11.08,37558,36.3905198,127.3156174,19.293028,1667384764000,NORMAL
11.221,37559,36.3902244,127.3158281,18.816732,1667384766000,NORMAL
10.987,37560,36.3899045,127.3160403,19.682161,1667384768000,NORMAL
10.642,37561,36.3896053,127.3162692,19.501467,1667384770000,NORMAL
10.11,37562,36.3893025,127.3164956,20.700687,1667384772000,NORMAL
10.005,37563,36.3889849,127.316748,20.541609,1667384774000,NORMAL
9.935,37564,36.388674,127.3169902,19.52362,1667384776000,NORMAL
9.935,37565,36.388379,127.3172081,18.542933,1667384778000,NORMAL
9.935,37566,36.3880987,127.3174145,16.966167,1667384780000,NORMAL
9.935,37567,36.3878461,127.317595,15.02507,1667384782000,NORMAL
9.935,37568,36.3876305,127.3177493,13.134992,1667384784000,NORMAL
9.935,37569,36.3874384,127.317884,12.557493,1667384786000,NORMAL
9.935,37570,36.387256,127.3180179,11.877926,1667384788000,NORMAL
9.935,37571,36.3870779,127.3181588,12.217325,1667384790000,NORMAL
9.935,37572,36.3868861,127.3182971,11.952214,1667384792000,NORMAL
9.935,37573,36.3866919,127.3184275,11.998419,1667384794000,NORMAL
9.935,37574,36.386497,127.3185587,11.980451,1667384796000,NORMAL
9.935,37575,36.3862935,127.3186926,13.76527,1667384798000,NORMAL
9.935,37576,36.3860762,127.3188501,14.09869,1667384800000,NORMAL
9.935,37577,36.3858582,127.3190224,14.409105,1667384802000,NORMAL
9.935,37578,36.3856408,127.3192051,14.739158,1667384804000,NORMAL
9.935,37579,36.3854159,127.319392,15.0789585,1667384806000,NORMAL
9.935,37580,36.3851957,127.3195705,12.809912,1667384808000,NORMAL
9.935,37581,36.3850089,127.3197094,11.991879,1667384810000,NORMAL
9.935,37582,36.3848426,127.3198316,8.85346,1667384812000,NORMAL
9.935,37583,36.3847239,127.3199342,6.536293,1667384814000,NORMAL
9.935,37584,36.3846374,127.3200039,3.3887405,1667384816000,NORMAL
9.935,37585,36.3845779,127.3200605,5.245422,1667384818000,NORMAL
9.935,37586,36.3844927,127.3201325,6.0737624,1667384820000,NORMAL
9.935,37587,36.3844028,127.3202077,5.2714257,1667384822000,NORMAL
9.935,37588,36.3842911,127.3202392,9.481644,1667384824000,NORMAL
9.935,37589,36.3841002,127.3201906,11.821002,1667384826000,NORMAL
9.935,37590,36.3838643,127.3200661,15.077081,1667384828000,NORMAL
9.935,37591,36.383602,127.3199094,15.939266,1667384830000,NORMAL
9.935,37592,36.383345,127.3197565,13.92231,1667384832000,NORMAL
9.935,37593,36.3831386,127.3196373,9.736805,1667384834000,NORMAL
9.935,37594,36.3830044,127.3195564,6.1539993,1667384836000,NORMAL
9.935,37595,36.3829282,127.319508,3.628903,1667384838000,NORMAL
9.935,37596,36.382885,127.3194837,1.7365676,1667384840000,NORMAL
9.935,37597,36.382883,127.3194792,0.34618625,1667384842000,NORMAL
9.935,37598,36.3828912,127.3194839,0.18493627,1667384844000,NORMAL
10.102,37599,36.3828953,127.3194882,0.09418119,1667384846000,NORMAL
10.133,37600,36.3828994,127.3194891,0.19590825,1667384848000,NORMAL
12.088,37601,36.3829017,127.3194889,0.14467275,1667384850000,NORMAL
13.584,37602,36.3829014,127.3194899,0.049540482,1667384852000,NORMAL
10.845,37603,36.3829011,127.3194903,0.014852436,1667384854786,NORMAL
11.035,37604,36.3829014,127.3194915,0.045551028,1667384856000,NORMAL
11.373,37605,36.3828993,127.3194919,0.078788415,1667384858000,NORMAL
16.051,37606,36.3828987,127.3194921,0.06846806,1667384859797,NORMAL
14.652,37607,36.3828965,127.319492,0.14474466,1667384860000,NORMAL
14.373,37608,36.3828952,127.3194924,0.09709322,1667384862000,NORMAL
14.211,37609,36.3828948,127.319492,0.043822,1667384864000,NORMAL
13.806,37610,36.3828949,127.3194919,0.038982682,1667384864790,NORMAL
10.703,37611,36.3828946,127.3194917,0.022997247,1667384866000,NORMAL
10.707,37612,36.3828945,127.3194909,0.03215926,1667384868000,NORMAL
14.097,37613,36.3828946,127.319491,0.005528708,1667384870000,NORMAL
14.095,37614,36.3828946,127.3194912,0.0051028416,1667384872000,NORMAL
14.019,37615,36.3827683,127.3194188,7.8013773,1667384874000,NORMAL
10.931,37616,36.3826478,127.3193577,10.487921,1667384876000,NORMAL
10.889,37617,36.3824459,127.3192377,11.390462,1667384878000,NORMAL
10.531,37618,36.3822349,127.3191227,11.916844,1667384880000,OVER_ACCEL
9.935,37619,36.3820369,127.3190172,11.186884,1667384882000,NORMAL
9.935,37620,36.381865,127.3189234,9.210128,1667384884000,NORMAL
9.935,37621,36.3817089,127.3188411,10.034924,1667384886000,NORMAL
9.935,37622,36.3815592,127.3187524,7.256302,1667384888000,NORMAL
9.935,37623,36.381451,127.3186899,6.4118633,1667384890000,NORMAL
9.935,37624,36.3813534,127.3186437,6.072205,1667384892000,NORMAL
9.935,37625,36.3812445,127.3185884,7.4583645,1667384894000,NORMAL
9.935,37626,36.3811148,127.3185219,7.6120586,1667384896000,NORMAL
9.935,37627,36.3809869,127.318452,8.433977,1667384898000,NORMAL
9.935,37628,36.3808477,127.3183719,8.619491,1667384900000,NORMAL
9.935,37629,36.3807065,127.3182874,9.625445,1667384902000,NORMAL
9.935,37630,36.3805341,127.3181947,11.250957,1667384904000,NORMAL
9.935,37631,36.3803251,127.318095,12.870819,1667384906000,NORMAL
9.935,37632,36.3800762,127.3180025,14.860799,1667384908000,NORMAL
9.935,37633,36.3798018,127.3179216,15.994089,1667384910000,NORMAL
9.935,37634,36.3795174,127.3178735,16.115952,1667384912000,NORMAL
9.935,37635,36.3792187,127.3178664,17.24185,1667384914000,NORMAL
9.935,37636,36.3789023,127.3178644,17.756258,1667384916000,NORMAL
9.935,37637,36.3785788,127.3178618,17.723312,1667384918000,NORMAL
9.935,37638,36.3782427,127.3178701,18.844604,1667384920000,NORMAL
10.172,37639,36.3778814,127.3178691,19.796263,1667384922000,NORMAL
10.379,37640,36.3775369,127.317874,18.757208,1667384924000,NORMAL
10.613,37641,36.3772023,127.3178866,19.435957,1667384926000,NORMAL
10.535,37642,36.3768442,127.3178798,19.480549,1667384928000,NORMAL
10.328,37643,36.3764918,127.3178675,19.06559,1667384930000,NORMAL
10.094,37644,36.376145,127.3178563,19.316637,1667384932000,NORMAL
9.935,37645,36.3757926,127.3178484,19.99098,1667384934000,NORMAL
9.935,37646,36.3754238,127.3178489,20.17888,1667384936000,NORMAL
9.935,37647,36.3750538,127.3178471,20.170137,1667384938000,NORMAL
9.935,37648,36.3746892,127.3178491,20.160059,1667384940000,NORMAL
9.935,37649,36.3743307,127.3178446,19.05101,1667384942000,NORMAL
9.935,37650,36.3740028,127.3178431,17.599306,1667384944000,NORMAL
9.935,37651,36.3736922,127.3178558,18.184603,1667384946000,NORMAL
9.935,37652,36.3733678,127.3178639,18.586071,1667384948000,NORMAL
9.935,37653,36.3730306,127.3178689,18.936405,1667384950000,NORMAL
9.935,37654,36.3726979,127.3178632,16.870909,1667384952000,NORMAL
9.935,37655,36.3724048,127.317859,15.564809,1667384954000,NORMAL
9.935,37656,36.3721221,127.3178624,16.63611,1667384956000,NORMAL
9.935,37657,36.3718137,127.3178636,18.18094,1667384958000,NORMAL
9.935,37658,36.3714975,127.3178694,16.496109,1667384960000,NORMAL
10.069,37659,36.3711804,127.3178786,18.847609,1667384962000,NORMAL
10.069,37660,36.3708368,127.3178707,18.63886,1667384964000,NORMAL
10.104,37661,36.3705332,127.3178766,14.568332,1667384966000,NORMAL
10.085,37662,36.3702987,127.3178747,12.834087,1667384968000,NORMAL
10.085,37663,36.3700901,127.3178719,9.931103,1667384970000,NORMAL
10.05,37664,36.369942,127.3178621,5.7242017,1667384972000,NORMAL
9.935,37665,36.3698615,127.3178525,3.6627889,1667384974000,NORMAL
9.935,37666,36.3698134,127.31785,1.8183262,1667384976000,NORMAL
9.935,37667,36.3698069,127.3178463,0.57535034,1667384978000,NORMAL
9.935,37668,36.3698096,127.3178441,0.34510323,1667384980000,NORMAL
9.945,37669,36.3698137,127.3178432,0.03441438,1667384982000,NORMAL
10.068,37670,36.3698144,127.3178426,0.030196238,1667384984000,NORMAL
13.755,37671,36.3698146,127.3178425,0.027463386,1667384985700,NORMAL
16.167,37672,36.3698143,127.3178421,0.026536094,1667384986000,NORMAL
14.912,37673,36.3698141,127.3178427,0.031134246,1667384988000,NORMAL
14.964,37674,36.3698147,127.3178436,0.039527453,1667384990000,NORMAL
11.161,37675,36.369816,127.3178448,0.07670599,1667384992000,NORMAL
11.037,37676,36.3698163,127.3178462,0.0651567,1667384994000,NORMAL
14.2,37677,36.3698161,127.3178471,0.04699681,1667384996000,NORMAL
14.268,37678,36.369816,127.3178473,0.022840656,1667384998000,NORMAL
14.25,37679,36.369816,127.3178472,0.0029569266,1667385000000,NORMAL
10.948,37680,36.369816,127.3178475,0.013832001,1667385002000,NORMAL
10.878,37681,36.3698164,127.3178476,0.018559758,1667385004000,NORMAL
14.123,37682,36.3698166,127.3178477,0.0122499745,1667385006000,NORMAL
14.036,37683,36.3698164,127.3178482,0.018557254,1667385008000,NORMAL
10.652,37684,36.3698166,127.3178481,0.007103428,1667385010779,NORMAL
10.567,37685,36.3698159,127.3178481,0.027220594,1667385012000,NORMAL
10.534,37686,36.3698158,127.317848,0.014331885,1667385014000,NORMAL
14.002,37687,36.3698157,127.317848,0.01064946,1667385015726,NORMAL
13.467,37688,36.3698153,127.3178478,0.023918234,1667385016000,NORMAL
13.467,37689,36.3698133,127.3178446,0.30336314,1667385018000,NORMAL
12.761,37690,36.3698162,127.3178473,0.2986494,1667385020000,NORMAL
10.258,37691,36.3698174,127.3178491,0.28426448,1667385020773,NORMAL
10.258,37692,36.3698225,127.3178538,0.1365142,1667385022000,NORMAL
10.258,37693,36.3698255,127.3178556,0.1649319,1667385024000,NORMAL
13.883,37694,36.3698241,127.3178568,0.066398725,1667385026000,NORMAL
13.093,37695,36.369824,127.3178563,0.011824139,1667385028000,NORMAL
12.959,37696,36.3698227,127.3178522,0.14018682,1667385030825,NORMAL
10.406,37697,36.3698177,127.3178594,0.31717223,1667385032000,NORMAL
10.523,37698,36.3698146,127.3178657,0.32619116,1667385034000,NORMAL
13.871,37699,36.3698126,127.3178676,0.17964368,1667385036000,NORMAL
13.871,37700,36.3698117,127.3178682,0.09566893,1667385038000,NORMAL
10.806,37701,36.3698118,127.3178679,0.015805695,1667385040910,NORMAL
11.329,37702,36.3698116,127.3178679,0.012914485,1667385042000,NORMAL
10.994,37703,36.3697698,127.3178548,4.604629,1667385044000,NORMAL
12.658,37704,36.3697352,127.317844,4.965303,1667385045926,NORMAL
13.996,37705,36.3696213,127.3178218,10.607306,1667385046000,NORMAL
14.261,37706,36.3691903,127.3178097,21.991693,1667385048000,NORMAL
14.558,37707,36.3687822,127.3178333,22.3075,1667385050000,NORMAL
11.144,37708,36.3684154,127.3178196,20.481627,1667385052000,NORMAL
11.25,37709,36.3680615,127.317791,18.658607,1667385054000,NORMAL
11.806,37710,36.3676711,127.3177804,18.283262,1667385056000,NORMAL
13.461,37711,36.3674204,127.3177788,17.977018,1667385058000,NORMAL
10.404,37712,36.367149,127.3178361,4.7040267,1667385063000,NORMAL
10.001,37713,36.3671994,127.3178426,6.844564,1667385064000,NORMAL
10.258,37714,36.3671047,127.3178551,5.961713,1667385066000,NORMAL
10.691,37715,36.3670059,127.3178941,6.333326,1667385068000,NORMAL
11.798,37716,36.3669254,127.3179936,7.979112,1667385070000,NORMAL
11.157,37717,36.3668823,127.3182021,9.461615,1667385072000,NORMAL
9.123,37718,36.3668682,127.318488,12.294607,1667385074000,NORMAL
6.937,37719,36.3668804,127.318811,13.694258,1667385076000,NORMAL
5.486,37720,36.3668761,127.3191573,15.650004,1667385078000,NORMAL
5.006,37721,36.3668681,127.3195098,15.382982,1667385080000,NORMAL
4.762,37722,36.366854,127.3198665,15.705401,1667385082000,NORMAL
5.286,37723,36.3668467,127.3201971,15.032861,1667385084000,NORMAL
6.538,37724,36.3668441,127.3205259,14.911615,1667385086000,NORMAL
7.783,37725,36.3668267,127.3209133,16.446453,1667385088000,NORMAL
8.498,37726,36.3668116,127.321332,17.759253,1667385090000,NORMAL
7.451,37727,36.3668253,127.321726,15.373116,1667385092000,NORMAL
6.332,37728,36.3668202,127.3220427,12.229892,1667385094000,NORMAL
5.192,37729,36.3668112,127.3222636,10.701288,1667385096000,NORMAL
4.91,37730,36.3668052,127.3224704,7.419052,1667385098000,NORMAL
4.606,37731,36.3668173,127.3225992,3.4653697,1667385100000,NORMAL
4.222,37732,36.3668233,127.322637,0.78735554,1667385102000,NORMAL
3.972,37733,36.3668303,127.3226335,0.68248945,1667385104000,NORMAL
3.959,37734,36.3668349,127.322643,1.4538763,1667385106000,NORMAL
4.074,37735,36.3668351,127.3227455,5.756776,1667385108000,NORMAL
4.7,37736,36.3668362,127.3228387,7.0238075,1667385110000,NORMAL
7.654,37737,36.366836,127.3231327,8.1157255,1667385113655,NORMAL
9.399,37738,36.3668487,127.3232659,10.2614765,1667385114000,NORMAL
10.844,37739,36.3668299,127.3235127,11.136001,1667385116000,NORMAL
10.544,37740,36.3668281,127.3237765,11.8656645,1667385118000,NORMAL
4.479,37741,36.3668299,127.3240706,13.534744,1667385120000,OVER_ACCEL
4.282,37742,36.3668349,127.3243924,14.386837,1667385122000,NORMAL
6.237,37743,36.3668384,127.3247149,14.429302,1667385124000,NORMAL
8.131,37744,36.3668405,127.3250411,14.955929,1667385126000,NORMAL
10.044,37745,36.3668476,127.3253975,16.360014,1667385128000,NORMAL
10.05,37746,36.3668464,127.3257765,16.630032,1667385130000,NORMAL
10.031,37747,36.3668394,127.3261758,17.682266,1667385132000,NORMAL
10.322,37748,36.3668415,127.3265735,17.418728,1667385134000,NORMAL
14.075,37749,36.3669921,127.3289816,17.633337,1667385146000,NORMAL
11.108,37750,36.3669213,127.3295369,16.289995,1667385149000,NORMAL
7.368,37751,36.366866,127.3300714,16.46509,1667385152000,NORMAL
5.575,37752,36.3668551,127.3305637,12.873001,1667385155000,NORMAL
5.349,37753,36.3668521,127.3309342,8.055815,1667385158000,NORMAL
5.249,37754,36.3668418,127.3309866,4.7583327,1667385159000,NORMAL
5.628,37755,36.3668199,127.3311034,2.367917,1667385162000,NORMAL
7.361,37756,36.3668256,127.3311535,2.0249841,1667385164000,NORMAL
9.624,37757,36.3668287,127.3311885,1.3349892,1667385166000,OVER_STOP
11.426,37758,36.366824,127.3311789,1.1444088,1667385168000,NORMAL
12.26,37759,36.3668105,127.331149,1.4284757,1667385170000,NORMAL
13.131,37760,36.3667919,127.3311286,0.48161283,1667385173000,NORMAL
13.44,37761,36.3667923,127.3311168,0.24123327,1667385176000,NORMAL
13.676,37762,36.3667986,127.3311197,0.39811778,1667385178748,NORMAL
13.802,37763,36.3667978,127.3311322,0.81300515,1667385180000,NORMAL
13.567,37764,36.3668147,127.3311482,0.49269372,1667385182000,NORMAL
13.721,37765,36.3668252,127.3311521,1.1011592,1667385183734,NORMAL
13.048,37766,36.3668326,127.3311658,0.35098267,1667385186000,NORMAL
13.013,37767,36.3668369,127.3312084,0.57727474,1667385188000,NORMAL
17.325,37768,36.3668347,127.3312161,0.58008945,1667385189823,NORMAL
16.005,37769,36.366836,127.3312304,0.2857769,1667385190000,NORMAL
15.179,37770,36.3665918,127.331642,8.0227,1667385209000,NORMAL
12.305,37771,36.3664759,127.3319971,9.925205,1667385212000,NORMAL
7.928,37772,36.3663583,127.3323291,9.89312,1667385215000,NORMAL
6.147,37773,36.3662838,127.3325408,9.9569025,1667385217000,NORMAL
4.926,37774,36.3662149,127.3327393,9.444705,1667385219000,NORMAL
4.839,37775,36.3661465,127.3329245,9.583896,1667385221000,NORMAL
4.896,37776,36.3660712,127.3331359,10.392943,1667385223000,NORMAL
4.846,37777,36.3659967,127.33333,10.127341,1667385225000,NORMAL
4.747,37778,36.3659306,127.3335233,10.569664,1667385227000,NORMAL
4.579,37779,36.3658622,127.3337139,10.234284,1667385229000,NORMAL
4.323,37780,36.3657771,127.3339371,11.946098,1667385231000,NORMAL
4.351,37781,36.3656844,127.3341652,12.089301,1667385233000,NORMAL
4.226,37782,36.3655923,127.3344178,12.258058,1667385235000,NORMAL
4.118,37783,36.3654978,127.3346796,13.333478,1667385237000,NORMAL
4.022,37784,36.3653977,127.3349632,13.448443,1667385239000,NORMAL
4.036,37785,36.3652921,127.335257,14.770555,1667385241000,NORMAL
4.064,37786,36.3651882,127.3355492,13.943441,1667385243000,NORMAL
4.061,37787,36.3651046,127.3357862,11.200437,1667385245000,NORMAL
4.49,37788,36.3650294,127.3360231,11.722642,1667385247000,NORMAL
4.767,37789,36.3649687,127.3361725,5.968246,1667385249000,NORMAL
5.269,37790,36.3649348,127.3362885,5.8438654,1667385251000,NORMAL
5.967,37791,36.3649042,127.3363811,4.395681,1667385253000,NORMAL
7.018,37792,36.364883,127.3364304,2.5091085,1667385255000,OVER_STOP
8.334,37793,36.3648532,127.3364867,3.6113784,1667385257000,NORMAL
9.439,37794,36.3648329,127.3365461,2.5334554,1667385259000,NORMAL
9.807,37795,36.3648137,127.3365559,2.167873,1667385261000,NORMAL
9.346,37796,36.3647956,127.336574,1.4953235,1667385263000,NORMAL
7.803,37797,36.3647835,127.3366026,0.44018418,1667385265000,NORMAL
6.496,37798,36.3647834,127.3366165,0.42420933,1667385267000,NORMAL
6.91,37799,36.364784,127.3366382,0.6525464,1667385269000,NORMAL
9.101,37800,36.364787,127.3366469,0.45765078,1667385271000,NORMAL
11.866,37801,36.3647893,127.3366521,0.32035536,1667385273000,NORMAL
12.116,37802,36.3647863,127.336657,0.2639853,1667385275000,NORMAL
16.649,37803,36.3647858,127.3366593,0.2500101,1667385276697,NORMAL
15.487,37804,36.3647866,127.336657,0.16311696,1667385277000,NORMAL
14.705,37805,36.3647879,127.3366547,0.0756658,1667385279000,NORMAL
14.845,37806,36.3647893,127.3366529,0.04935961,1667385281000,NORMAL
12.734,37807,36.3647905,127.3366508,0.05646064,1667385283000,NORMAL
13.026,37808,36.3647914,127.3366509,0.053405605,1667385285000,NORMAL
13.071,37809,36.3647916,127.3366523,0.040063195,1667385287000,NORMAL
12.671,37810,36.3647911,127.3366558,0.07113953,1667385289000,NORMAL
11.709,37811,36.3647901,127.3366582,0.08449469,1667385291000,NORMAL
10.837,37812,36.3647893,127.336661,0.10191298,1667385293000,NORMAL
10.642,37813,36.364789,127.336663,0.09741736,1667385295000,NORMAL
10.495,37814,36.3647885,127.3366654,0.10330407,1667385297000,NORMAL
10.434,37815,36.3647882,127.3366671,0.09451309,1667385299000,NORMAL
9.935,37816,36.3647878,127.3366681,0.07666754,1667385301000,NORMAL
9.935,37817,36.3647875,127.3366686,0.049131766,1667385303000,NORMAL
9.935,37818,36.3647872,127.3366685,0.03576353,1667385305000,NORMAL
15.056,37819,36.3647871,127.3366686,0.024231216,1667385306821,NORMAL
13.775,37820,36.364787,127.3366681,0.014199746,1667385307000,NORMAL
13.775,37821,36.3647867,127.3366687,0.020930631,1667385309000,NORMAL
13.775,37822,36.3647866,127.3366692,0.02165592,1667385311000,NORMAL
9.935,37823,36.3647865,127.3366694,0.0108088255,1667385313000,NORMAL
9.935,37824,36.3647865,127.3366693,0.001460453,1667385315000,NORMAL
14.127,37825,36.3647864,127.3366698,0.018618328,1667385317000,NORMAL
14.127,37826,36.3647866,127.3366706,0.02884148,1667385319000,NORMAL
14.127,37827,36.3647862,127.3366714,0.03761537,1667385321000,NORMAL
9.935,37828,36.364786,127.3366719,0.022676915,1667385323000,NORMAL
9.935,37829,36.3647669,127.3367311,4.3244233,1667385325000,NORMAL
10.977,37830,36.3647218,127.3368473,6.9415355,1667385327000,NORMAL
10.977,37831,36.3646641,127.3370109,8.595472,1667385329000,NORMAL
9.935,37832,36.3645993,127.3371915,8.486252,1667385331000,NORMAL
9.935,37833,36.3645344,127.3373721,8.775083,1667385333000,NORMAL
9.935,37834,36.3644684,127.3375574,8.7023535,1667385335000,NORMAL
9.935,37835,36.3644044,127.3377347,8.366305,1667385337000,NORMAL
9.935,37836,36.3643423,127.3379118,9.354662,1667385339000,NORMAL
9.935,37837,36.3642718,127.3381038,9.490345,1667385341000,NORMAL
9.935,37838,36.3642013,127.3383031,10.294423,1667385343000,NORMAL
9.935,37839,36.3641283,127.3385123,9.417061,1667385345000,NORMAL
9.935,37840,36.3640619,127.3387054,10.055516,1667385347000,NORMAL
9.935,37841,36.363989,127.3389159,11.259479,1667385349000,NORMAL
9.935,37842,36.3639087,127.3391582,12.603237,1667385351000,NORMAL
9.935,37843,36.3638162,127.3394213,12.949156,1667385353000,NORMAL
9.935,37844,36.3637242,127.3396767,11.28677,1667385355000,NORMAL
9.935,37845,36.3636431,127.3399018,10.494911,1667385357000,NORMAL
9.935,37846,36.3635663,127.3401187,11.080859,1667385359000,NORMAL
9.935,37847,36.3634826,127.34035,12.158643,1667385361000,NORMAL
9.935,37848,36.3633923,127.3406012,11.9874,1667385363000,NORMAL
9.935,37849,36.3633031,127.3408564,12.64812,1667385365000,NORMAL
9.935,37850,36.3632128,127.3411224,12.988605,1667385367000,NORMAL
9.935,37851,36.3631196,127.3414035,14.155009,1667385369000,NORMAL
9.935,37852,36.3630158,127.3417029,14.188946,1667385371000,NORMAL
9.935,37853,36.3629107,127.3420076,15.504773,1667385373000,NORMAL
9.935,37854,36.3627969,127.3423325,15.537811,1667385375000,NORMAL
9.935,37855,36.3626848,127.3426528,15.020751,1667385377000,NORMAL
9.935,37856,36.3625765,127.3429609,15.065018,1667385379000,NORMAL
9.935,37857,36.3624674,127.343272,15.525572,1667385381000,NORMAL
9.935,37858,36.3623549,127.3435895,15.505109,1667385383000,NORMAL
9.935,37859,36.3622394,127.3439064,15.629063,1667385385000,NORMAL
9.935,37860,36.3621263,127.3442305,16.197338,1667385387000,NORMAL
8.39,37861,36.3616995,127.3454742,12.8055105,1667385396000,NORMAL
7.323,37862,36.361618,127.345627,12.846268,1667385397000,NORMAL
6.3,37863,36.3615095,127.3459191,12.841903,1667385399000,NORMAL
4.803,37864,36.3614296,127.3461962,12.417618,1667385401000,NORMAL
4.047,37865,36.3613406,127.3464621,13.043043,1667385403000,NORMAL
3.929,37866,36.3612362,127.3467624,14.505326,1667385405000,NORMAL
3.929,37867,36.3611224,127.3470759,15.0417,1667385407000,NORMAL
3.9,37868,36.3610122,127.3473801,15.020198,1667385409000,NORMAL
3.863,37869,36.3608893,127.3477083,16.656057,1667385411000,NORMAL
3.863,37870,36.3607503,127.3480674,17.648127,1667385413000,NORMAL
4.705,37871,36.3606086,127.3484044,16.517984,1667385415000,NORMAL
6.86,37872,36.3604649,127.3486644,13.839178,1667385417000,NORMAL
10.341,37873,36.3603094,127.3488648,12.348815,1667385419000,NORMAL
13.105,37874,36.3601848,127.3491013,11.970313,1667385421000,NORMAL
12.956,37875,36.3601552,127.3495335,13.723432,1667385423000,NORMAL
10.867,37876,36.3601051,127.3498915,14.99364,1667385425000,NORMAL
7.873,37877,36.3600349,127.350294,16.074265,1667385427000,NORMAL
6.171,37878,36.3599634,127.3506665,15.552025,1667385429000,NORMAL
4.787,37879,36.3599115,127.3510291,16.459028,1667385431000,NORMAL
4.175,37880,36.3598771,127.3513726,15.785493,1667385433000,NORMAL
4.117,37881,36.3598461,127.3517342,16.153269,1667385435000,NORMAL
4.212,37882,36.359792,127.352075,14.706468,1667385437000,NORMAL
4.238,37883,36.3597443,127.3524089,15.469161,1667385439000,NORMAL
3.992,37884,36.3597032,127.3527323,14.533738,1667385441000,NORMAL
3.889,37885,36.359664,127.3530393,14.935058,1667385443000,NORMAL
3.863,37886,36.3596212,127.3533534,15.059097,1667385445000,NORMAL
3.902,37887,36.3595677,127.3536884,15.872438,1667385447000,NORMAL
4.216,37888,36.3595139,127.354043,16.635435,1667385449000,NORMAL
4.529,37889,36.3594551,127.3543872,14.714798,1667385451000,NORMAL
4.891,37890,36.3593789,127.3547168,15.300464,1667385453000,NORMAL
5.391,37891,36.3593108,127.3550661,15.893695,1667385455000,NORMAL
5.672,37892,36.3592559,127.3554053,14.558258,1667385457000,NORMAL
7.472,37893,36.3591933,127.3557071,11.761881,1667385459000,NORMAL
8.762,37894,36.3591093,127.3558943,8.305351,1667385461000,NORMAL
10.316,37895,36.3590048,127.3560108,7.8875084,1667385463000,NORMAL
10.215,37896,36.3588611,127.356034,10.745725,1667385465000,NORMAL
10.215,37897,36.3586766,127.3559209,10.955234,1667385467000,NORMAL
10.127,37898,36.3585233,127.3557186,12.495854,1667385469000,NORMAL
10.076,37899,36.3583664,127.3554587,16.064253,1667385471000,NORMAL
9.984,37900,36.3581608,127.3551725,17.474447,1667385473000,NORMAL
9.935,37901,36.3579406,127.3548813,16.386448,1667385475000,NORMAL
9.935,37902,36.3577618,127.3546244,14.496123,1667385477000,NORMAL
9.935,37903,36.3576155,127.3544054,10.252161,1667385479000,NORMAL
9.965,37904,36.3575215,127.3542473,8.896638,1667385481000,NORMAL
10.048,37905,36.3574518,127.3541143,5.789274,1667385483000,NORMAL
10.062,37906,36.3574027,127.3540323,4.981922,1667385485000,NORMAL
10.032,37907,36.3573372,127.353932,7.029568,1667385487000,NORMAL
10.107,37908,36.3572405,127.3538003,8.245039,1667385489000,NORMAL
10.26,37909,36.3571327,127.3536442,8.547283,1667385491000,NORMAL
10.47,37910,36.3570215,127.3534699,10.418321,1667385493000,NORMAL
10.599,37911,36.3568759,127.3532672,13.178239,1667385495000,NORMAL
10.592,37912,36.3567036,127.3530422,12.650697,1667385497000,NORMAL
10.454,37913,36.3565541,127.3528306,11.683528,1667385499000,NORMAL
10.246,37914,36.3564016,127.3526247,13.242035,1667385501000,NORMAL
10.219,37915,36.3562341,127.352398,14.517602,1667385503000,NORMAL
10.393,37916,36.3560683,127.3521396,14.981285,1667385505000,NORMAL
10.495,37917,36.3559062,127.3518731,16.210443,1667385507000,NORMAL
10.523,37918,36.3557161,127.3515957,15.65827,1667385509000,NORMAL
10.422,37919,36.3555223,127.351318,17.01494,1667385511000,NORMAL
10.572,37920,36.3553194,127.3510155,17.755625,1667385513000,NORMAL
10.899,37921,36.3551173,127.3507185,17.210073,1667385515000,NORMAL
11.294,37922,36.3549065,127.3504367,17.797646,1667385517000,NORMAL
11.392,37923,36.3546782,127.3501802,16.705177,1667385519000,NORMAL
11.266,37924,36.3544431,127.34994,17.037745,1667385521000,NORMAL
10.981,37925,36.3541884,127.3497027,17.581078,1667385523000,NORMAL
10.77,37926,36.3539199,127.3494738,16.854918,1667385525000,NORMAL
10.64,37927,36.3536586,127.3492785,15.490845,1667385527000,NORMAL
10.517,37928,36.3534273,127.3491134,14.647678,1667385529000,NORMAL
10.564,37929,36.353211,127.348964,13.581577,1667385531000,NORMAL
10.5,37930,36.3530248,127.3488469,8.792397,1667385533000,NORMAL
10.534,37931,36.352899,127.3487722,7.5134735,1667385535000,NORMAL
10.358,37932,36.3528388,127.3487443,1.4262152,1667385537000,NORMAL
10.269,37933,36.3528375,127.3487405,1.7231426,1667385539000,NORMAL
10.196,37934,36.3528167,127.348728,1.8630029,1667385541000,NORMAL
10.587,37935,36.3527931,127.3487226,0.7640882,1667385543765,OVER_STOP
10.983,37936,36.3527864,127.3487184,0.6987009,1667385545000,NORMAL
11.016,37937,36.3527698,127.3487093,0.4898935,1667385547000,NORMAL
14.045,37938,36.3527563,127.3487007,0.38192797,1667385549000,NORMAL
13.057,37939,36.3527476,127.3486934,0.31666884,1667385551000,NORMAL
12.976,37940,36.3527314,127.3486809,0.6785811,1667385553000,NORMAL
12.189,37941,36.3526563,127.3486426,2.4490192,1667385555000,NORMAL
12.694,37942,36.3524174,127.3485016,9.733,1667385557000,NORMAL
16.367,37943,36.3523226,127.3484383,9.852673,1667385558776,NORMAL
17.246,37944,36.3521683,127.3483421,11.551898,1667385559000,NORMAL
14.955,37945,36.3519502,127.3482159,11.76616,1667385561000,OVER_ACCEL
14.216,37946,36.3517764,127.3481949,10.170175,1667385563000,NORMAL
11.911,37947,36.3516461,127.3483033,8.275428,1667385565000,NORMAL
11.824,37948,36.3515436,127.3486234,12.203,1667385567000,NORMAL
11.104,37949,36.3514547,127.3490383,15.972435,1667385569000,NORMAL
10.33,37950,36.3513685,127.349467,17.317575,1667385571000,NORMAL
10.046,37951,36.3512721,127.3498877,16.151255,1667385573000,NORMAL
9.935,37952,36.3511899,127.3502425,12.796435,1667385575000,NORMAL
9.935,37953,36.3511305,127.3505123,9.5730095,1667385577000,NORMAL
9.935,37954,36.3510811,127.3506995,7.572304,1667385579000,NORMAL
9.935,37955,36.3510516,127.3508171,3.8236928,1667385581000,NORMAL
9.935,37956,36.3510459,127.3508579,3.179195,1667385583000,NORMAL
10.003,37957,36.3510368,127.3509001,2.0523841,1667385585000,NORMAL
10.298,37958,36.3510424,127.350913,0.694427,1667385587000,NORMAL
11.504,37959,36.3510487,127.3508829,0.16021328,1667385589000,NORMAL
12.014,37960,36.3510429,127.3508474,2.6913185,1667385591000,NORMAL
12.492,37961,36.3510411,127.3507907,0.46967593,1667385593000,NORMAL
12.633,37962,36.3510354,127.3508055,0.3650585,1667385595000,NORMAL
11.786,37963,36.351025,127.350836,1.121646,1667385597000,NORMAL
10.792,37964,36.351023,127.3508566,1.0147915,1667385599000,NORMAL
11.007,37965,36.3510234,127.3508572,0.9924134,1667385599756,NORMAL
10.69,37966,36.3510235,127.3508671,0.75999177,1667385601000,NORMAL
10.548,37967,36.3510249,127.3508705,0.5129886,1667385603000,NORMAL
14.02,37968,36.3510267,127.350871,0.32259336,1667385605000,NORMAL
14.029,37969,36.351028,127.3508694,0.21349216,1667385607000,NORMAL
13.603,37970,36.3510289,127.3508659,0.06872197,1667385609790,NORMAL
10.63,37971,36.3510291,127.3508654,0.03815518,1667385611000,NORMAL
10.449,37972,36.3510291,127.3508654,0.009138097,1667385613000,NORMAL
10.368,37973,36.3510294,127.3508661,0.02237555,1667385615000,NORMAL
10.298,37974,36.3510291,127.3508657,0.018647157,1667385617000,NORMAL
10.361,37975,36.3510286,127.3508668,0.026971783,1667385619793,NORMAL
10.929,37976,36.3509985,127.3509914,5.8555555,1667385621000,NORMAL
10.929,37977,36.3509596,127.3511712,8.112378,1667385623000,NORMAL
10.432,37978,36.3509246,127.3513862,9.068857,1667385625000,NORMAL
9.935,37979,36.3508891,127.3516323,12.005602,1667385627000,OVER_ACCEL
9.935,37980,36.3508419,127.3519567,14.774656,1667385629000,NORMAL
9.935,37981,36.3508027,127.3523324,16.549273,1667385631000,NORMAL
9.935,37982,36.3507761,127.3526955,14.935093,1667385633000,NORMAL
9.935,37983,36.3507502,127.3529566,9.74408,1667385635000,NORMAL
9.935,37984,36.3507102,127.3531315,9.087275,1667385637000,NORMAL
9.935,37985,36.3506906,127.3531814,2.4002242,1667385639000,NORMAL
9.935,37986,36.3506853,127.3531819,2.1238859,1667385641000,NORMAL
9.935,37987,36.3506819,127.3531679,1.374252,1667385643000,NORMAL
9.935,37988,36.3506852,127.3531372,0.6875434,1667385645000,OVER_STOP
10.062,37989,36.3506916,127.3531075,0.5222703,1667385647000,NORMAL
14.553,37990,36.3506943,127.3530976,0.3076409,1667385650700,NORMAL
13.398,37991,36.3506939,127.3530991,0.12186979,1667385651000,NORMAL
13.398,37992,36.3506918,127.3530973,0.11559554,1667385653000,NORMAL
13.398,37993,36.3506914,127.3530963,0.0686967,1667385655000,NORMAL
10.014,37994,36.3506912,127.3530959,0.034349523,1667385657000,NORMAL
10.014,37995,36.3506913,127.3530956,0.018329583,1667385659000,NORMAL
14.629,37996,36.3506914,127.3530954,0.014191191,1667385660727,NORMAL
13.455,37997,36.3506848,127.3531076,1.7467538,1667385661000,NORMAL
13.455,37998,36.35065,127.353177,5.27012,1667385663000,NORMAL
13.455,37999,36.3505855,127.3533135,7.0118294,1667385665000,NORMAL
9.935,38000,36.3505247,127.3535204,9.494612,1667385667000,OVER_ACCEL
9.935,38001,36.3505104,127.3537488,9.2233515,1667385669000,NORMAL
9.935,38002,36.3505629,127.3539655,10.956223,1667385671000,NORMAL
9.935,38003,36.3507032,127.3541749,13.606213,1667385673000,NORMAL
9.935,38004,36.3509009,127.3543993,16.28435,1667385675000,NORMAL
9.935,38005,36.3511192,127.3546708,17.32468,1667385677000,NORMAL
9.935,38006,36.3513354,127.3549393,16.626093,1667385679000,NORMAL
9.935,38007,36.3515333,127.3552117,15.908373,1667385681000,NORMAL
9.935,38008,36.3517246,127.3554557,13.475496,1667385683000,NORMAL
9.935,38009,36.3519018,127.3556693,14.75899,1667385685000,NORMAL
9.935,38010,36.3521166,127.3559031,17.85157,1667385687000,NORMAL
9.935,38011,36.352375,127.3561733,19.715107,1667385689000,NORMAL
10.021,38012,36.3526339,127.3564694,18.994825,1667385691000,NORMAL
10.021,38013,36.3528588,127.3567991,19.65663,1667385693000,NORMAL
10.021,38014,36.3530496,127.3571692,18.310444,1667385695000,NORMAL
9.935,38015,36.3531735,127.357545,17.7471,1667385697000,NORMAL
9.935,38016,36.3532503,127.3579225,16.81582,1667385699000,NORMAL
9.935,38017,36.3533205,127.3582993,18.355331,1667385701000,NORMAL
9.935,38018,36.3533887,127.3586934,17.329557,1667385703000,NORMAL
9.935,38019,36.3534514,127.359065,17.162617,1667385705000,NORMAL
9.935,38020,36.3535034,127.3594219,14.91893,1667385707000,NORMAL
9.935,38021,36.3535608,127.3597472,15.018708,1667385709000,NORMAL
10.07,38022,36.3536167,127.3600559,11.562254,1667385711000,NORMAL
10.306,38023,36.3536724,127.3603329,13.634799,1667385713000,NORMAL
10.608,38024,36.353734,127.3606162,12.385161,1667385715000,NORMAL
10.808,38025,36.3537901,127.3608669,10.692393,1667385717000,NORMAL
10.919,38026,36.3538316,127.361089,9.536065,1667385719000,NORMAL
10.949,38027,36.3538715,127.3613142,11.042409,1667385721000,NORMAL
10.787,38028,36.3539239,127.3615748,10.773373,1667385723000,NORMAL
10.625,38029,36.3539694,127.3618212,11.113146,1667385725000,NORMAL
10.357,38030,36.3540109,127.362074,11.510122,1667385727000,NORMAL
10.206,38031,36.3540541,127.3623409,13.275765,1667385729000,NORMAL
10.021,38032,36.3540975,127.3626151,12.105782,1667385731000,NORMAL
9.956,38033,36.3541428,127.3628644,11.030411,1667385733000,NORMAL
9.935,38034,36.3541839,127.3631107,11.795676,1667385735000,NORMAL
9.935,38035,36.3542207,127.3633824,12.524761,1667385737000,NORMAL
9.935,38036,36.3542611,127.3636493,10.627412,1667385739000,NORMAL
9.935,38037,36.3542928,127.3638799,11.503898,1667385741000,NORMAL
9.935,38038,36.3543269,127.3641369,11.923909,1667385743000,NORMAL
9.935,38039,36.3543476,127.3644228,14.121586,1667385745000,NORMAL
9.935,38040,36.354355,127.3647852,18.837671,1667385747000,NORMAL
9.935,38041,36.3543322,127.3652379,20.566536,1667385749000,NORMAL
9.935,38042,36.3542898,127.365719,22.009872,1667385751000,NORMAL
9.935,38043,36.3542304,127.3662089,21.749186,1667385753000,NORMAL
9.935,38044,36.3541437,127.366665,18.610456,1667385755000,NORMAL
9.935,38045,36.3540256,127.3670294,15.588743,1667385757000,NORMAL
9.935,38046,36.3539113,127.3673389,15.362776,1667385759000,NORMAL
9.935,38047,36.3537852,127.3676287,13.54964,1667385761000,NORMAL
9.935,38048,36.3536422,127.3678629,14.262582,1667385763000,NORMAL
9.935,38049,36.3534501,127.3681042,15.439297,1667385765000,NORMAL
10.046,38050,36.3532725,127.3683598,14.658571,1667385767000,NORMAL
10.094,38051,36.3531072,127.3686072,13.456189,1667385769000,NORMAL
10.21,38052,36.3529512,127.3688265,12.83854,1667385771000,NORMAL
10.572,38053,36.3528027,127.3690378,12.337388,1667385773000,NORMAL
11.916,38054,36.3526663,127.369236,11.580357,1667385775000,NORMAL
13.428,38055,36.352527,127.3694102,11.184635,1667385777000,NORMAL
14.533,38056,36.3523881,127.3695624,11.527435,1667385779000,NORMAL
14.833,38057,36.3522531,127.3697471,11.878676,1667385781000,NORMAL
14.751,38058,36.3521094,127.3699556,14.0356655,1667385783000,NORMAL
14.288,38059,36.3519608,127.3702267,14.523854,1667385785000,NORMAL
13.332,38060,36.3518017,127.3704882,14.453347,1667385787000,NORMAL
12.244,38061,36.351643,127.3707745,15.398783,1667385789000,NORMAL
11.369,38062,36.351483,127.3710555,14.669253,1667385791000,NORMAL
10.814,38063,36.3513333,127.3713286,14.7767105,1667385793000,NORMAL
10.535,38064,36.3511759,127.3715898,13.547172,1667385795000,NORMAL
10.566,38065,36.3510268,127.3718254,12.846229,1667385797000,NORMAL
10.671,38066,36.3508805,127.37207,13.185271,1667385799000,NORMAL
10.608,38067,36.350758,127.3722727,11.143966,1667385801000,NORMAL
10.422,38068,36.3506565,127.3724601,11.738943,1667385803000,NORMAL
10.188,38069,36.3505554,127.3726716,8.906677,1667385805000,NORMAL
10.092,38070,36.3504768,127.3728558,10.348426,1667385807000,NORMAL
10.028,38071,36.3503986,127.3730795,11.485357,1667385809000,NORMAL
10.187,38072,36.350307,127.3733254,11.9979315,1667385811000,NORMAL
10.76,38073,36.3501801,127.3736195,17.001877,1667385813000,NORMAL
11.682,38074,36.350007,127.3739664,18.021912,1667385815000,NORMAL
12.099,38075,36.3498391,127.3743149,17.215399,1667385817000,NORMAL
11.937,38076,36.3496936,127.3746468,17.51758,1667385819000,NORMAL
11.274,38077,36.349544,127.3749908,17.922747,1667385821000,NORMAL
10.838,38078,36.34938,127.3753478,18.049377,1667385823000,NORMAL
11.118,38079,36.3492179,127.375697,17.897228,1667385825000,NORMAL
16.954,38080,36.3474711,127.3775682,16.44769,1667385839000,NORMAL
15.493,38081,36.347321,127.3776646,16.056442,1667385840000,NORMAL
13.688,38082,36.3470875,127.3778281,14.9351225,1667385842000,NORMAL
12.456,38083,36.3469032,127.3779893,12.017455,1667385844000,NORMAL
8.758,38084,36.3467472,127.3781108,9.994719,1667385846000,NORMAL
7.971,38085,36.3465877,127.3782402,10.102022,1667385848000,NORMAL
7.237,38086,36.3464496,127.3783584,9.639126,1667385850000,NORMAL
6.499,38087,36.3463009,127.3784827,10.406585,1667385852000,NORMAL
6.354,38088,36.3461502,127.3785912,10.025996,1667385854000,NORMAL
6.66,38089,36.3460215,127.3786802,8.390198,1667385856000,NORMAL
8.074,38090,36.3458917,127.378762,8.406982,1667385858000,NORMAL
8.878,38091,36.3457149,127.378864,10.37864,1667385860000,NORMAL
9.042,38092,36.3455197,127.3789897,11.784679,1667385862000,NORMAL
8.577,38093,36.3453263,127.3791237,12.234797,1667385864000,NORMAL
8.377,38094,36.3451391,127.3792721,12.214145,1667385866000,NORMAL
9.136,38095,36.3449517,127.379424,12.316021,1667385868000,NORMAL
9.854,38096,36.3447658,127.3795735,12.259388,1667385870000,NORMAL
9.689,38097,36.3446884,127.3796496,11.831692,1667385871000,NORMAL
9.365,38098,36.3444301,127.3799086,11.978789,1667385874000,NORMAL
8.456,38099,36.344239,127.3801681,14.079239,1667385876000,NORMAL
7.487,38100,36.3440395,127.3804467,15.195241,1667385878000,NORMAL
6.536,38101,36.3437724,127.3808807,16.833862,1667385881000,NORMAL
5.852,38102,36.3435187,127.3813712,17.503082,1667385884000,NORMAL
4.857,38103,36.3433628,127.381719,18.454735,1667385886000,NORMAL
4.646,38104,36.3432311,127.382065,17.040455,1667385888000,NORMAL
4.382,38105,36.3431296,127.3824022,16.860361,1667385890000,NORMAL
4.427,38106,36.34309,127.3825801,16.73233,1667385891000,NORMAL
4.854,38107,36.3429924,127.3830609,15.060079,1667385894000,NORMAL
6.482,38108,36.3429368,127.3833581,14.208922,1667385896000,NORMAL
14.708,38109,36.3427612,127.3841263,11.081602,1667385902000,NORMAL
14.096,38110,36.3427462,127.3842379,4.8751373,1667385904000,NORMAL
13.815,38111,36.3427525,127.3842275,2.7068963,1667385906000,NORMAL
11.873,38112,36.3427547,127.3842369,1.8777916,1667385908000,NORMAL
10.776,38113,36.3427415,127.3842715,3.6066575,1667385909000,NORMAL
9.05,38114,36.3427235,127.3843379,0.949343,1667385912000,NORMAL
7.917,38115,36.3427185,127.3843355,0.25918293,1667385914000,NORMAL
6.85,38116,36.3427141,127.3843361,0.1659012,1667385917000,NORMAL
6.792,38117,36.3427153,127.3843435,0.4619443,1667385920000,NORMAL
7.028,38118,36.3427147,127.3843484,0.24681984,1667385922000,NORMAL
7.193,38119,36.3427109,127.3843528,0.3208955,1667385924000,NORMAL
10.868,38120,36.3427048,127.3843572,0.38169143,1667385926000,NORMAL
11.195,38121,36.3427011,127.3843615,0.25465593,1667385929000,NORMAL
12.559,38122,36.3426995,127.3843631,0.24253759,1667385930681,NORMAL
11.855,38123,36.3427021,127.3843623,0.10356357,1667385932000,NORMAL
13.391,38124,36.3427036,127.3843617,0.041092392,1667385934000,NORMAL
11.863,38125,36.3427051,127.3843638,0.069885686,1667385936000,NORMAL
11.697,38126,36.3427068,127.3843692,0.1446356,1667385938000,NORMAL
8.466,38127,36.3427083,127.3843727,0.1530701,1667385940789,NORMAL
8.415,38128,36.3427076,127.3843731,0.09246616,1667385942000,NORMAL
8.542,38129,36.342707,127.3843728,0.046738107,1667385944000,NORMAL
13.227,38130,36.3427069,127.3843731,0.041780893,1667385945808,NORMAL
11.864,38131,36.3427066,127.3843718,0.014643405,1667385946000,NORMAL
11.667,38132,36.3427066,127.3843712,0.0065836734,1667385948000,NORMAL
11.348,38133,36.3427067,127.384371,0.0076820534,1667385950000,NORMAL
7.832,38134,36.3427067,127.384371,0.007814323,1667385950832,NORMAL
7.567,38135,36.3427074,127.3843715,0.034253053,1667385952000,NORMAL
7.327,38136,36.3427078,127.3843714,0.02675103,1667385954000,NORMAL
10.059,38137,36.3427074,127.3843712,0.021758046,1667385956000,NORMAL
9.778,38138,36.3427068,127.3843711,0.028337792,1667385958000,NORMAL
6.239,38139,36.3427065,127.3843712,0.018382117,1667385960829,NORMAL
7.501,38140,36.3427062,127.384371,0.018207816,1667385962000,NORMAL
8.843,38141,36.3427062,127.384371,0.0074863057,1667385964000,NORMAL
14.877,38142,36.342706,127.3843707,0.015431106,1667385966000,NORMAL
13.711,38143,36.3427059,127.3843704,0.016126323,1667385968000,NORMAL
11.803,38144,36.3426891,127.3844,3.4569962,1667385971000,NORMAL
12.261,38145,36.342619,127.3846213,7.552158,1667385974000,NORMAL
11.428,38146,36.3425811,127.3848418,8.006354,1667385976000,NORMAL
11.356,38147,36.3425495,127.3850586,9.192342,1667385978000,NORMAL
11.145,38148,36.3425093,127.3852765,7.707014,1667385980000,NORMAL
10.87,38149,36.3424723,127.3854627,6.697038,1667385982000,NORMAL
10.636,38150,36.3424362,127.3856096,5.724561,1667385984000,NORMAL
10.472,38151,36.3424023,127.3856786,2.8292394,1667385986000,NORMAL
10.421,38152,36.3423631,127.3856753,3.0784154,1667385988000,NORMAL
10.531,38153,36.3422985,127.3856705,3.392958,1667385990000,NORMAL
10.528,38154,36.3422404,127.3856233,4.044687,1667385992000,NORMAL
10.636,38155,36.3421917,127.3855296,5.493033,1667385994000,NORMAL
10.554,38156,36.3421536,127.3854385,5.6649437,1667385996000,NORMAL
10.598,38157,36.3420876,127.3853217,5.6807246,1667385998000,NORMAL
10.752,38158,36.3420206,127.3852143,5.616469,1667386000000,NORMAL
10.892,38159,36.3419499,127.3851258,5.1522903,1667386002000,NORMAL
10.803,38160,36.3418797,127.3850562,3.72812,1667386004000,NORMAL
10.603,38161,36.3418402,127.3849987,5.0270576,1667386006000,NORMAL
10.499,38162,36.3417792,127.3848973,4.9104977,1667386008000,NORMAL
10.589,38163,36.3417063,127.3847926,6.0599833,1667386010000,NORMAL
11.288,38164,36.3416205,127.3846681,6.792066,1667386012000,NORMAL
11.535,38165,36.3415392,127.3845417,6.0060263,1667386014000,NORMAL
11.484,38166,36.3414678,127.3844161,6.6357207,1667386016000,NORMAL
10.981,38167,36.3413904,127.3843158,5.8535933,1667386018000,NORMAL
10.73,38168,36.3413247,127.38422,5.655665,1667386020000,NORMAL
10.696,38169,36.3412485,127.3841105,6.325901,1667386022000,NORMAL
11.046,38170,36.3411649,127.3839841,6.8453927,1667386024000,NORMAL
11.416,38171,36.3410646,127.3838544,7.329969,1667386026000,NORMAL
11.661,38172,36.340981,127.3837007,7.668776,1667386028000,NORMAL
11.661,38173,36.3409062,127.3835761,7.6443357,1667386030000,NORMAL
11.489,38174,36.340834,127.3834443,7.322763,1667386032000,NORMAL
11.335,38175,36.3407692,127.383308,7.150581,1667386034000,NORMAL
11.091,38176,36.340704,127.3831685,6.8364596,1667386036000,NORMAL
11.163,38177,36.3406414,127.3830477,6.4927454,1667386038000,NORMAL
11.363,38178,36.3405731,127.3829308,6.573536,1667386040000,NORMAL
11.664,38179,36.3404988,127.3828385,6.193415,1667386042000,NORMAL
11.884,38180,36.3404451,127.3827664,4.6596637,1667386044000,NORMAL
11.918,38181,36.3404048,127.3827238,2.7713952,1667386046000,NORMAL
11.849,38182,36.3403916,127.3827171,1.6821265,1667386048000,NORMAL
11.665,38183,36.3403866,127.3826964,1.5255361,1667386050000,NORMAL
11.65,38184,36.3403904,127.3826891,1.0984814,1667386052000,NORMAL
11.614,38185,36.3403967,127.3826854,0.7005292,1667386054000,NORMAL
11.769,38186,36.3404033,127.382684,0.45100203,1667386056000,NORMAL
12.901,38187,36.3404074,127.3826834,0.31385005,1667386058000,NORMAL
13.975,38188,36.3404118,127.3826853,0.22669767,1667386060000,NORMAL
14.31,38189,36.3404152,127.3826827,0.22275174,1667386062000,NORMAL
14.42,38190,36.3404176,127.3826793,0.21622491,1667386064000,NORMAL
14.234,38191,36.3404143,127.3826784,0.13613513,1667386066000,NORMAL
17.51,38192,36.3404108,127.3826791,0.124644846,1667386068000,NORMAL
17.329,38193,36.3404079,127.3826786,0.1485848,1667386070000,NORMAL
17.285,38194,36.3404039,127.3826793,0.19955553,1667386072000,NORMAL
13.943,38195,36.3404042,127.382677,0.08393731,1667386074000,NORMAL
13.956,38196,36.3404049,127.3826755,0.067808375,1667386076000,NORMAL
18.386,38197,36.340405,127.3826751,0.05586688,1667386077745,NORMAL
17.212,38198,36.3404028,127.3826761,0.08748033,1667386078000,NORMAL
17.31,38199,36.3404013,127.3826763,0.086242944,1667386080000,NORMAL
17.298,38200,36.3404005,127.3826766,0.05721726,1667386082000,NORMAL
13.761,38201,36.3404035,127.3826759,0.106469065,1667386084000,NORMAL
13.489,38202,36.3404045,127.3826754,0.073291674,1667386086000,NORMAL
16.376,38203,36.3404097,127.3826739,0.25794747,1667386088000,NORMAL
16.168,38204,36.3404112,127.3826733,0.14787425,1667386090000,NORMAL
15.98,38205,36.3404111,127.382673,0.043929417,1667386092000,NORMAL
12.587,38206,36.3404106,127.3826733,0.006025888,1667386093000,NORMAL
12.86,38207,36.3404107,127.382673,0.0057169525,1667386096000,NORMAL
18.1,38208,36.3404061,127.3826764,0.24233522,1667386098000,NORMAL
16.619,38209,36.3404037,127.3826803,0.2246632,1667386100000,NORMAL
15.913,38210,36.3404022,127.3826819,0.13541192,1667386102789,NORMAL
12.623,38211,36.3403999,127.3826827,0.13730337,1667386104000,NORMAL
12.412,38212,36.3403988,127.3826825,0.07907835,1667386106000,NORMAL
15.621,38214,36.340399,127.3826826,0.0121904835,1667386108000,NORMAL
16.635,38213,36.3403982,127.3826825,0.059314292,1667386108098,NORMAL
16.415,38215,36.3403997,127.3826825,0.019278942,1667386110000,NORMAL
16.474,38216,36.3404003,127.3826822,0.033410214,1667386112000,NORMAL
16.731,38217,36.3404004,127.3826822,0.03183824,1667386113089,NORMAL
14.191,38218,36.3404003,127.3826822,0.0013807748,1667386114000,NORMAL
13.717,38219,36.3403442,127.3826832,4.0087347,1667386116000,NORMAL
14.422,38220,36.3402823,127.3826279,5.577887,1667386118000,NORMAL
14.149,38221,36.3401924,127.3825035,5.2960386,1667386120000,NORMAL
13.502,38222,36.3401225,127.3824614,5.698536,1667386122000,NORMAL
10.599,38223,36.3399892,127.3824782,6.455825,1667386124000,NORMAL
10.449,38224,36.3399011,127.3825735,7.311986,1667386126000,NORMAL
10.321,38225,36.3397979,127.3827153,7.606598,1667386128000,NORMAL
10.264,38226,36.3396894,127.3828442,8.58084,1667386130000,NORMAL
10.224,38227,36.3395724,127.3829861,8.996761,1667386132000,NORMAL
10.27,38228,36.3394675,127.3831301,8.613486,1667386134000,NORMAL
10.29,38229,36.3393483,127.3832688,9.090386,1667386136000,NORMAL
10.149,38230,36.3392384,127.3834023,7.782624,1667386138000,NORMAL
10.028,38231,36.3391495,127.3835121,6.983381,1667386140000,NORMAL
9.941,38232,36.3390654,127.3836178,6.7688656,1667386142000,NORMAL
9.935,38233,36.3389786,127.3837208,6.6187735,1667386144000,NORMAL
9.935,38234,36.3388917,127.3838253,7.0566916,1667386146000,NORMAL
10.015,38235,36.3387963,127.383931,7.219854,1667386148000,NORMAL
10.331,38236,36.3386965,127.384046,7.556604,1667386150000,NORMAL
10.919,38237,36.3386068,127.384177,7.468257,1667386152000,NORMAL
11.27,38238,36.3385173,127.3843458,8.429885,1667386154000,NORMAL
11.043,38239,36.3384254,127.3844667,6.1462283,1667386156000,NORMAL
10.495,38240,36.3383559,127.3845435,4.258639,1667386158000,NORMAL
10.064,38241,36.3383101,127.3845772,1.9770983,1667386160000,NORMAL
9.954,38242,36.3383091,127.3845691,1.4882262,1667386162000,NORMAL
9.951,38243,36.338311,127.3845755,1.2276227,1667386164000,NORMAL
9.991,38244,36.3383183,127.3845865,0.5581457,1667386166000,NORMAL
10.182,38245,36.3383176,127.384584,0.55117774,1667386166738,NORMAL
10.468,38246,36.3383102,127.3845902,0.7497588,1667386168000,NORMAL
10.978,38247,36.3382916,127.38459,0.95275766,1667386170000,NORMAL
11.146,38248,36.3382691,127.384581,0.78374934,1667386172000,NORMAL
10.939,38249,36.3382557,127.3845685,0.434073,1667386174000,NORMAL
10.686,38250,36.3382558,127.3845584,0.3366922,1667386176000,NORMAL
10.282,38251,36.3382581,127.3845501,0.18103217,1667386178000,NORMAL
10.289,38252,36.3382636,127.384539,0.2776441,1667386180000,NORMAL
10.177,38253,36.3382687,127.3845311,0.1317299,1667386182000,NORMAL
13.526,38254,36.3382752,127.3845293,0.067430384,1667386184000,NORMAL
13.526,38255,36.3382861,127.3845276,0.07410072,1667386186000,NORMAL
13.526,38256,36.3382951,127.3845224,0.4212922,1667386188000,NORMAL
10.016,38257,36.3382995,127.3845215,0.26544583,1667386190000,NORMAL
10.016,38258,36.3382989,127.3845219,0.046396274,1667386192000,NORMAL
13.61,38259,36.3382992,127.3845228,0.042180255,1667386194000,NORMAL
13.61,38260,36.3383,127.3845238,0.05562705,1667386196000,NORMAL
10.5,38261,36.3383002,127.3845242,0.030329779,1667386198790,NORMAL
10.5,38262,36.3383006,127.3845255,0.056581654,1667386200000,NORMAL
10.5,38263,36.3383006,127.3845263,0.042498223,1667386202000,NORMAL
12.906,38264,36.3383005,127.3845264,0.021234673,1667386203798,NORMAL
12.411,38265,36.3383016,127.3845278,0.10519918,1667386204000,NORMAL
11.792,38266,36.3383026,127.384529,0.09266558,1667386206000,NORMAL
12.057,38267,36.338303,127.3845306,0.07794825,1667386208000,NORMAL
10.318,38268,36.338303,127.3845307,0.074128486,1667386208818,NORMAL
10.591,38269,36.3382298,127.3845984,8.920104,1667386210000,NORMAL
10.445,38270,36.338153,127.3846873,6.597448,1667386212000,NORMAL
10.283,38271,36.3380554,127.3848123,6.2902246,1667386214000,NORMAL
10.37,38272,36.3379617,127.3849349,6.902158,1667386216000,NORMAL
10.968,38273,36.3378715,127.3850834,7.4035745,1667386218000,NORMAL
11.041,38274,36.3377698,127.3851909,6.800354,1667386220000,NORMAL
10.662,38275,36.3376762,127.3852928,6.623932,1667386222000,NORMAL
10.484,38276,36.3375878,127.3853993,6.565497,1667386224000,NORMAL
10.356,38277,36.3375017,127.3855097,6.9668474,1667386226000,NORMAL
10.184,38278,36.3374132,127.3856203,6.9271092,1667386228000,NORMAL
10.055,38279,36.3373267,127.3857362,6.378791,1667386230000,NORMAL
9.946,38280,36.3372416,127.3858546,6.750023,1667386232000,NORMAL
9.935,38281,36.3371394,127.3859938,8.507605,1667386234000,NORMAL
9.935,38282,36.3370238,127.3861518,8.685635,1667386236000,NORMAL
9.935,38283,36.3369348,127.3862548,5.0009913,1667386238000,NORMAL
10.08,38284,36.3368745,127.386313,4.374084,1667386240000,NORMAL
10.196,38285,36.3368445,127.3863126,2.7115247,1667386242000,NORMAL
10.286,38286,36.3368165,127.3862718,2.0173075,1667386244000,NORMAL
10.763,38287,36.3367892,127.3862311,1.9819756,1667386246000,NORMAL
17.884,38288,36.3367062,127.3862921,1.1260688,1667386262744,NORMAL
14.247,38289,36.3367203,127.3863477,0.99501085,1667386264000,NORMAL
10.782,38290,36.336733,127.3863767,0.72192025,1667386266000,NORMAL
10.906,38291,36.3367371,127.3863678,0.31331846,1667386268000,NORMAL
11.712,38292,36.3367261,127.3863531,0.43487856,1667386270000,NORMAL
12.638,38293,36.3366843,127.3863512,0.9852739,1667386272000,NORMAL
10.158,38294,36.3366426,127.3863399,0.8411966,1667386274000,NORMAL
9.662,38295,36.33663,127.3863022,0.80096495,1667386276000,NORMAL
13.247,38296,36.3366319,127.3862687,0.61221486,1667386278000,NORMAL
13.612,38297,36.336641,127.3862465,0.4649468,1667386280000,NORMAL
15.856,38298,36.3366532,127.3862287,0.4428354,1667386282824,NORMAL
13.233,38299,36.3367624,127.3861796,1.5800269,1667386292875,NORMAL
14.575,38300,36.3367756,127.3861306,0.8776434,1667386297934,NORMAL
17.947,38301,36.3366864,127.3860899,1.1655645,1667386302979,NORMAL
15.226,38302,36.3366516,127.3860646,1.0822686,1667386307928,NORMAL
15.219,38303,36.3365989,127.3860322,1.1053982,1667386313045,NORMAL
16.194,38304,36.3366067,127.3860353,0.36947244,1667386317991,NORMAL
15.447,38305,36.3366251,127.3860468,0.0743903,1667386325479,NORMAL
15.632,38306,36.3366369,127.3860474,0.23946507,1667386330466,NORMAL
15.953,38307,36.3366496,127.3860394,0.12663752,1667386335556,NORMAL
16.196,38308,36.3366072,127.3860365,0.44464877,1667386340518,NORMAL
17.949,38309,36.3366019,127.3860456,0.47956705,1667386341000,NORMAL
19.128,38310,36.3365959,127.3860622,0.62820446,1667386342000,NORMAL
18.979,38311,36.3365706,127.386098,0.73086864,1667386346000,NORMAL
14.81,38312,36.3365754,127.3860937,0.3673935,1667386348000,NORMAL
10.101,38313,36.3365787,127.3860947,0.19725178,1667386350000,NORMAL
9.677,38314,36.3365825,127.3860869,0.07927399,1667386352000,NORMAL
11.11,38315,36.3365873,127.3860763,0.20875108,1667386355630,NORMAL
12.797,38316,36.3365892,127.3860727,0.25277153,1667386356000,NORMAL
13.506,38317,36.3366013,127.3860546,0.083036855,1667386400923,NORMAL
9.323,38318,36.3365967,127.3860572,0.14263906,1667386403000,NORMAL
7.325,38319,36.3365959,127.3860637,0.18455705,1667386405926,NORMAL
6.654,38320,36.3365991,127.3860703,0.1956026,1667386408000,NORMAL
6.152,38321,36.3365991,127.3860716,0.12221982,1667386410945,NORMAL
5.706,38322,36.3365993,127.3860712,0.088086545,1667386411000,NORMAL
5.429,38323,36.3365975,127.3860735,0.10112142,1667386413000,NORMAL
10.425,38324,36.3365972,127.3860726,0.016679063,1667386416000,NORMAL
8.064,38325,36.3365976,127.3860715,0.015261816,1667386418000,NORMAL
7.645,38326,36.3365976,127.3860715,0.006932184,1667386420963,NORMAL
6.565,38327,36.3366,127.3860694,0.1677343,1667386422000,NORMAL
7.871,38328,36.336601,127.3860685,0.06656227,1667386424000,NORMAL
10.583,38329,36.336601,127.3860685,0.029599754,1667386425976,NORMAL
10.45,38330,36.3366013,127.3860677,0.05876332,1667386426000,NORMAL
11.383,38331,36.3366015,127.3860673,0.03358182,1667386428000,NORMAL
15.124,38332,36.3366015,127.3860673,0.00956506,1667386430000,NORMAL
12.764,38333,36.336602,127.3860662,0.06437309,1667386431000,NORMAL
12.618,38334,36.3366022,127.3860657,0.026015004,1667386434000,NORMAL
16.453,38335,36.3366026,127.3860645,0.05389579,1667386436000,NORMAL
14.842,38336,36.3366026,127.3860643,0.02361704,1667386438000,NORMAL
11.497,38337,36.3366026,127.3860642,0.005383948,1667386441138,NORMAL
11.401,38338,36.3366029,127.3860636,0.029014062,1667386442000,NORMAL
11.563,38339,36.3366029,127.3860634,0.012839703,1667386444000,NORMAL
14.174,38340,36.3366032,127.3860624,0.042425714,1667386446000,NORMAL
14.703,38341,36.3366032,127.3860622,0.019429961,1667386448000,NORMAL
13.012,38342,36.3366032,127.3860624,0.0025540292,1667386451126,NORMAL
15.35,38343,36.3366035,127.3860619,0.026381502,1667386452000,NORMAL
14.66,38344,36.3366038,127.3860615,0.018058814,1667386454000,NORMAL
15.512,38345,36.3366038,127.3860612,0.017065082,1667386456000,NORMAL
15.792,38346,36.3366038,127.3860617,0.008977854,1667386458000,NORMAL
17.078,38347,36.3366042,127.3860619,0.016965276,1667386460000,NORMAL
13.424,38348,36.3366042,127.3860619,0.015991518,1667386461201,NORMAL
13.254,38349,36.3366043,127.3860612,0.025356466,1667386462000,NORMAL
13.17,38350,36.3366044,127.386061,0.015692508,1667386464000,NORMAL
16.216,38351,36.3366048,127.3860604,0.03160002,1667386466000,NORMAL
16.149,38352,36.3366049,127.3860607,0.010627661,1667386468000,NORMAL
16.09,38353,36.3366048,127.386061,0.012391505,1667386470000,NORMAL
12.863,38354,36.3366049,127.3860607,0.014952294,1667386471000,NORMAL
12.823,38355,36.3366047,127.3860614,0.0150654735,1667386474000,NORMAL
16.05,38356,36.3366049,127.3860609,0.015871994,1667386476000,NORMAL
15.974,38357,36.336604,127.3860616,0.034251064,1667386478000,NORMAL
14.859,38358,36.3366036,127.3860622,0.05293922,1667386479000,NORMAL
16.005,38359,36.3366033,127.3860627,0.0420889,1667386481330,NORMAL
15.863,38360,36.3366028,127.3860626,0.0360062,1667386482000,NORMAL
14.677,38361,36.3366028,127.3860625,0.017255798,1667386483000,NORMAL
18.713,38362,36.3366024,127.3860622,0.017199758,1667386486000,NORMAL
18.71,38363,36.3366021,127.3860628,0.01928321,1667386490000,NORMAL
12.335,38364,36.3366022,127.3860625,0.01274654,1667386491000,NORMAL
12.335,38365,36.3366022,127.3860627,0.0020556077,1667386494000,NORMAL
15.474,38366,36.3366024,127.3860629,0.0115332315,1667386496000,NORMAL
15.485,38367,36.3366021,127.3860629,0.0067762085,1667386499000,NORMAL
15.777,38368,36.3366022,127.3860624,0.01582205,1667386502000,NORMAL
17.83,38369,36.3366022,127.3860624,0.005098023,1667386504000,NORMAL
16.09,38370,36.3366025,127.3860619,0.022825008,1667386506000,NORMAL
14.932,38371,36.3366026,127.3860617,0.021312043,1667386507000,NORMAL
15.002,38372,36.3366027,127.3860617,0.008649568,1667386509000,NORMAL
16.103,38373,36.3366026,127.3860614,0.014244473,1667386511000,NORMAL
18.109,38374,36.3366023,127.3860617,0.011515708,1667386514000,NORMAL
16.429,38375,36.3366025,127.3860612,0.018513069,1667386516000,NORMAL
16.636,38376,36.3366027,127.3860612,0.011044734,1667386518000,NORMAL
16.733,38377,36.3366027,127.3860613,0.0036082051,1667386520000,NORMAL
13.6,38378,36.3366027,127.3860613,0.0029664515,1667386521510,NORMAL
13.641,38379,36.3366029,127.3860608,0.019036507,1667386522000,NORMAL
13.678,38380,36.3366028,127.3860608,0.004504665,1667386524000,NORMAL
13.803,38381,36.3366028,127.3860609,7.309556E-4,1667386526516,NORMAL
13.219,38382,36.3366026,127.3860609,0.004881739,1667386529000,NORMAL
17.051,38383,36.3366023,127.386061,0.010651279,1667386532000,NORMAL
19.1,38384,36.3366023,127.3860611,0.006170259,1667386534000,NORMAL
19.009,38385,36.3366022,127.3860611,0.004319995,1667386536569,NORMAL
16.991,38386,36.3366019,127.3860616,0.006827291,1667386537000,NORMAL
15.748,38387,36.3366019,127.3860617,0.0060213553,1667386539000,NORMAL
10.745,38388,36.3366018,127.3860618,0.0065699564,1667386541000,NORMAL
10.714,38389,36.3366015,127.386062,0.009568428,1667386545000,NORMAL
14.909,38390,36.3366016,127.3860617,0.011417443,1667386547000,NORMAL
14.894,38391,36.3366013,127.3860619,0.007745653,1667386550000,NORMAL
10.691,38392,36.3366013,127.386062,0.00653059,1667386551000,NORMAL
10.724,38393,36.3366015,127.3860616,0.016155785,1667386553000,NORMAL
10.711,38394,36.3366015,127.3860616,0.0048097298,1667386555000,NORMAL
13.968,38395,36.3366016,127.3860612,0.0163658,1667386557000,NORMAL
13.928,38396,36.3366015,127.3860612,0.0033772278,1667386559000,NORMAL
13.896,38397,36.3366015,127.3860613,0.0014042314,1667386561000,NORMAL
10.651,38398,36.3366017,127.3860608,0.012716319,1667386564000,NORMAL
10.751,38399,36.3366017,127.3860608,0.005552584,1667386566000,NORMAL
15.666,38400,36.3366018,127.3860605,0.016610263,1667386568000,NORMAL
15.291,38401,36.3366019,127.3860602,0.014180176,1667386570000,NORMAL
15.553,38402,36.3366019,127.3860601,0.007537234,1667386572000,NORMAL
17.736,38403,36.336602,127.3860599,0.015596926,1667386574000,NORMAL
18.59,38404,36.3366031,127.386057,0.001213946,1667386613696,NORMAL
17.791,38405,36.3366032,127.3860567,0.007606951,1667386615000,NORMAL
18.176,38406,36.3366032,127.3860566,0.006428095,1667386617000,NORMAL
16.279,38407,36.3366033,127.3860564,0.008930734,1667386619000,NORMAL
16.109,38408,36.3366033,127.3860564,0.004441813,1667386621000,NORMAL
16.071,38409,36.3366033,127.3860563,0.0036446867,1667386623000,NORMAL
12.755,38410,36.3366035,127.386056,0.014432734,1667386625000,NORMAL
13.081,38411,36.3366035,127.3860559,0.0077036126,1667386627000,NORMAL
16.334,38412,36.3366037,127.3860556,0.012858172,1667386629000,NORMAL
16.599,38413,36.3366037,127.3860556,0.0069091646,1667386631000,NORMAL
15.868,38414,36.3366037,127.3860556,0.0035912099,1667386632000,NORMAL
16.663,38415,36.3366037,127.3860556,0.0024201504,1667386633858,NORMAL
16.673,38416,36.3366037,127.3860553,0.0072764345,1667386635000,NORMAL
15.766,38417,36.3366037,127.3860553,0.005614465,1667386636000,NORMAL
19.087,38418,36.3366038,127.3860552,0.0044202874,1667386639000,NORMAL
18.975,38419,36.3366038,127.3860552,0.001985526,1667386641000,NORMAL
19.102,38420,36.3366038,127.3860552,4.893623E-4,1667386643000,NORMAL
12.473,38421,36.3366039,127.386055,0.012939813,1667386644000,NORMAL
13.033,38422,36.336604,127.3860549,0.0062047234,1667386647000,NORMAL
17.138,38423,36.3366041,127.3860546,0.011295389,1667386649000,NORMAL
15.687,38424,36.3366041,127.3860546,0.0055745435,1667386651000,NORMAL
12.5,38425,36.3366041,127.3860546,9.5675734E-4,1667386653942,NORMAL
12.568,38426,36.3366042,127.3860544,0.0068961065,1667386655000,NORMAL
12.67,38427,36.3366042,127.3860544,0.0035989922,1667386657000,NORMAL
15.733,38428,36.3366043,127.3860542,0.007847728,1667386659000,NORMAL
15.747,38429,36.3366043,127.3860542,0.004024264,1667386661000,NORMAL
11.879,38430,36.3366044,127.386054,0.011574181,1667386664000,NORMAL
11.93,38431,36.3366044,127.3860539,0.0050899694,1667386667000,NORMAL
15.885,38432,36.3366044,127.3860538,0.0034561858,1667386668946,NORMAL
15.932,38433,36.3366045,127.3860536,0.011594947,1667386669000,NORMAL
14.703,38434,36.3366045,127.3860536,0.00568001,1667386671000,NORMAL
15.114,38435,36.3366045,127.3860536,0.0014516198,1667386673000,END
